tconst,titleType,primaryTitle,originalTitle,isAdult,startYear,endYear,runtimeMinutes,genres,averageRating,numVotes
tt0084805,movie,Tootsie,Tootsie,0,1982,\N,116,"Comedy,Drama,Romance",7.4,104972.0
tt0215129,movie,Road Trip,Road Trip,0,2000,\N,93,Comedy,6.5,167601.0
tt1504320,movie,The King's Speech,The King's Speech,0,2010,\N,118,"Biography,Drama,History",8.0,670201.0
tt1298650,movie,Pirates of the Caribbean: On Stranger Tides,Pirates of the Caribbean: On Stranger Tides,0,2011,\N,137,"Action,Adventure,Fantasy",6.6,512405.0
tt2481498,movie,"Extremely Wicked, Shockingly Evil and Vile","Extremely Wicked, Shockingly Evil and Vile",0,2019,\N,110,"Biography,Crime,Drama",6.7,91098.0
tt0145487,movie,Spider-Man,Spider-Man,0,2002,\N,121,"Action,Adventure,Sci-Fi",7.4,793114.0
tt11032374,movie,Demon Slayer the Movie: Mugen Train,Kimetsu no Yaiba: Mugen Ressha-Hen,0,2020,\N,117,"Action,Adventure,Animation",8.2,51816.0
tt1355631,movie,The Infiltrator,The Infiltrator,0,2016,\N,127,"Biography,Crime,Drama",7.0,73139.0
tt1512235,movie,Super,Super,0,2010,\N,96,"Action,Comedy,Crime",6.7,79388.0
tt0131857,movie,BASEketball,BASEketball,0,1998,\N,103,"Comedy,Sport",6.5,61429.0
tt0385752,movie,The Golden Compass,The Golden Compass,0,2007,\N,113,"Adventure,Family,Fantasy",6.1,186451.0
tt2191701,movie,Grown Ups 2,Grown Ups 2,0,2013,\N,101,Comedy,5.3,151545.0
tt0318649,movie,Sahara,Sahara,0,2005,\N,124,"Action,Adventure,Comedy",6.0,97381.0
tt1379182,movie,Dogtooth,Kynodontas,0,2009,\N,97,"Drama,Thriller",7.2,93558.0
tt0109506,movie,The Crow,The Crow,0,1994,\N,102,"Action,Crime,Drama",7.5,179305.0
tt6791096,movie,I Feel Pretty,I Feel Pretty,0,2018,\N,110,"Comedy,Romance",5.6,53219.0
tt0327679,movie,Ella Enchanted,Ella Enchanted,0,2004,\N,96,"Comedy,Family,Fantasy",6.3,67422.0
tt0498399,movie,We Own the Night,We Own the Night,0,2007,\N,117,"Action,Crime,Drama",6.8,88344.0
tt0454848,movie,Inside Man,Inside Man,0,2006,\N,129,"Crime,Drama,Mystery",7.6,365626.0
tt0274558,movie,The Hours,The Hours,0,2002,\N,110,"Drama,Romance",7.5,130493.0
tt1279935,movie,Date Night,Date Night,0,2010,\N,88,"Comedy,Crime,Romance",6.3,161198.0
tt0480249,movie,I Am Legend,I Am Legend,0,2007,\N,101,"Action,Drama,Sci-Fi",7.2,737379.0
tt4154664,movie,Captain Marvel,Captain Marvel,0,2019,\N,123,"Action,Adventure,Sci-Fi",6.8,530362.0
tt0356618,movie,The Forgotten,The Forgotten,0,2004,\N,91,"Drama,Mystery,Sci-Fi",5.8,65771.0
tt0120902,movie,The X Files,The X Files,0,1998,\N,121,"Drama,Mystery,Sci-Fi",7.0,105125.0
tt0054698,movie,Breakfast at Tiffany's,Breakfast at Tiffany's,0,1961,\N,115,"Comedy,Drama,Romance",7.6,177049.0
tt1592873,movie,LOL,LOL,0,2012,\N,97,"Comedy,Drama,Romance",4.3,55803.0
tt5886046,movie,Escape Room,Escape Room,0,2019,\N,99,"Action,Adventure,Horror",6.4,116775.0
tt1327194,movie,The Lucky One,The Lucky One,0,2012,\N,101,"Drama,Mystery,Romance",6.4,107368.0
tt1758692,movie,Like Crazy,Like Crazy,0,2011,\N,86,"Drama,Romance",6.6,61436.0
tt0834001,movie,Underworld: Rise of the Lycans,Underworld: Rise of the Lycans,0,2009,\N,92,"Action,Fantasy,Thriller",6.5,158458.0
tt0121164,movie,Corpse Bride,Corpse Bride,0,2005,\N,77,"Animation,Drama,Family",7.3,264439.0
tt0155267,movie,The Thomas Crown Affair,The Thomas Crown Affair,0,1999,\N,113,"Crime,Romance,Thriller",6.8,92566.0
tt0780521,movie,The Princess and the Frog,The Princess and the Frog,0,2009,\N,97,"Adventure,Animation,Comedy",7.1,139364.0
tt1216492,movie,Leap Year,Leap Year,0,2010,\N,100,"Comedy,Romance",6.4,102860.0
tt0465234,movie,National Treasure: Book of Secrets,National Treasure: Book of Secrets,0,2007,\N,124,"Action,Adventure,Mystery",6.5,232884.0
tt1130080,movie,The Informant!,The Informant!,0,2009,\N,108,"Biography,Comedy,Crime",6.5,65124.0
tt1711425,movie,21 & Over,21 & Over,0,2013,\N,93,Comedy,5.8,74227.0
tt0245844,movie,The Count of Monte Cristo,The Count of Monte Cristo,0,2002,\N,131,"Action,Adventure,Drama",7.7,136306.0
tt1172570,movie,Bronson,Bronson,0,2008,\N,92,"Action,Biography,Crime",7.0,129224.0
tt1502407,movie,Halloween,Halloween,0,2018,\N,106,"Crime,Horror,Thriller",6.5,145119.0
tt0091530,movie,The Mission,The Mission,0,1986,\N,125,"Adventure,Drama,History",7.4,60640.0
tt0947810,movie,Green Zone,Green Zone,0,2010,\N,115,"Action,Drama,Thriller",6.8,136404.0
tt0268995,movie,The Majestic,The Majestic,0,2001,\N,152,"Drama,Romance",6.9,54491.0
tt0089927,movie,Rocky IV,Rocky IV,0,1985,\N,91,"Drama,Sport",6.8,201061.0
tt1024255,movie,Wild Child,Wild Child,0,2008,\N,98,"Comedy,Drama,Romance",6.0,55734.0
tt1778304,movie,Paranormal Activity 3,Paranormal Activity 3,0,2011,\N,83,"Horror,Mystery",5.8,94227.0
tt0118998,movie,Doctor Dolittle,Doctor Dolittle,0,1998,\N,85,"Comedy,Family,Fantasy",5.4,96421.0
tt0078748,movie,Alien,Alien,0,1979,\N,117,"Horror,Sci-Fi",8.5,851895.0
tt0070909,movie,Westworld,Westworld,0,1973,\N,88,"Action,Sci-Fi,Thriller",6.9,56987.0
tt0093437,movie,The Lost Boys,The Lost Boys,0,1987,\N,97,"Comedy,Horror",7.2,138389.0
tt4846340,movie,Hidden Figures,Hidden Figures,0,2016,\N,127,"Biography,Drama,History",7.8,222056.0
tt0348836,movie,Gothika,Gothika,0,2003,\N,98,"Horror,Mystery,Thriller",5.8,112088.0
tt3011894,movie,Wild Tales,Relatos salvajes,0,2014,\N,122,"Comedy,Drama,Thriller",8.1,193351.0
tt0112883,movie,Don Juan DeMarco,Don Juan DeMarco,0,1994,\N,97,"Comedy,Drama,Romance",6.7,50441.0
tt4680182,movie,Colossal,Colossal,0,2016,\N,109,"Comedy,Drama,Fantasy",6.2,63823.0
tt0120762,movie,Mulan,Mulan,0,1998,\N,88,"Adventure,Animation,Comedy",7.6,279064.0
tt0274166,movie,Johnny English,Johnny English,0,2003,\N,89,"Action,Adventure,Comedy",6.2,157818.0
tt0250223,movie,Asterix & Obelix: Mission Cleopatra,Astérix & Obélix: Mission Cléopâtre,0,2002,\N,107,"Adventure,Comedy,Family",6.6,52277.0
tt0044079,movie,Strangers on a Train,Strangers on a Train,0,1951,\N,101,"Crime,Drama,Film-Noir",7.9,132069.0
tt2222042,movie,Love and Monsters,Love and Monsters,0,2020,\N,109,"Action,Adventure,Comedy",6.9,120270.0
tt0163187,movie,Runaway Bride,Runaway Bride,0,1999,\N,116,"Comedy,Romance",5.5,97831.0
tt6806448,movie,Fast & Furious Presents: Hobbs & Shaw,Fast & Furious Presents: Hobbs & Shaw,0,2019,\N,137,"Action,Adventure,Thriller",6.5,204985.0
tt1234719,movie,Red Dawn,Red Dawn,0,2012,\N,93,"Action,Drama",5.3,76621.0
tt0098635,movie,When Harry Met Sally...,When Harry Met Sally...,0,1989,\N,95,"Comedy,Drama,Romance",7.7,212764.0
tt1300851,movie,The Boondock Saints II: All Saints Day,The Boondock Saints II: All Saints Day,0,2009,\N,118,"Action,Thriller",6.2,64077.0
tt0472399,movie,The Mechanic,The Mechanic,0,2011,\N,93,"Action,Crime,Thriller",6.5,159211.0
tt0468492,movie,The Host,Gwoemul,0,2006,\N,120,"Action,Drama,Horror",7.1,118703.0
tt1313092,movie,Animal Kingdom,Animal Kingdom,0,2010,\N,113,"Crime,Drama",7.3,57199.0
tt0106519,movie,Carlito's Way,Carlito's Way,0,1993,\N,144,"Crime,Drama,Thriller",7.9,214073.0
tt2017038,movie,All Is Lost,All Is Lost,0,2013,\N,106,"Action,Adventure,Drama",6.9,80008.0
tt0019254,movie,The Passion of Joan of Arc,La passion de Jeanne d'Arc,0,1928,\N,110,"Biography,Drama,History",8.2,53431.0
tt0848228,movie,The Avengers,The Avengers,0,2012,\N,143,"Action,Adventure,Sci-Fi",8.0,1351269.0
tt1037705,movie,The Book of Eli,The Book of Eli,0,2010,\N,118,"Action,Adventure,Drama",6.8,312406.0
tt0427309,movie,The Great Debaters,The Great Debaters,0,2007,\N,126,"Biography,Drama,Romance",7.5,58454.0
tt7798634,movie,Ready or Not,Ready or Not,0,2019,\N,95,"Action,Comedy,Horror",6.8,140251.0
tt2932536,movie,47 Meters Down,47 Meters Down,0,2017,\N,89,"Adventure,Drama,Horror",5.6,53936.0
tt2231461,movie,Rampage,Rampage,0,2018,\N,107,"Action,Adventure,Sci-Fi",6.1,162177.0
tt4136084,movie,Florence Foster Jenkins,Florence Foster Jenkins,0,2016,\N,111,"Biography,Comedy,Drama",6.8,55391.0
tt1656190,movie,Safe,Safe,0,2012,\N,94,"Action,Crime,Thriller",6.5,109623.0
tt0240772,movie,Ocean's Eleven,Ocean's Eleven,0,2001,\N,116,"Crime,Thriller",7.7,557217.0
tt5462602,movie,The Big Sick,The Big Sick,0,2017,\N,120,"Comedy,Drama,Romance",7.5,132628.0
tt2802154,movie,Leviathan,Leviafan,0,2014,\N,140,"Crime,Drama",7.6,52921.0
tt4572514,movie,Patriots Day,Patriots Day,0,2016,\N,133,"Action,Crime,Drama",7.3,100758.0
tt1433811,movie,Disconnect,Disconnect,0,2012,\N,115,"Drama,Thriller",7.5,75256.0
tt1186367,movie,Ninja Assassin,Ninja Assassin,0,2009,\N,99,"Action,Thriller",6.3,71625.0
tt0409847,movie,Cowboys & Aliens,Cowboys & Aliens,0,2011,\N,119,"Action,Sci-Fi,Thriller",6.0,218557.0
tt0104431,movie,Home Alone 2: Lost in New York,Home Alone 2: Lost in New York,0,1992,\N,120,"Adventure,Comedy,Crime",6.8,344459.0
tt1549572,movie,Another Earth,Another Earth,0,2011,\N,92,"Drama,Romance,Sci-Fi",6.9,94985.0
tt0117802,movie,Swingers,Swingers,0,1996,\N,96,"Comedy,Drama",7.2,81791.0
tt1666801,movie,The DUFF,The Duff,0,2015,\N,101,"Comedy,Romance",6.4,92635.0
tt0102510,movie,The Naked Gun 2½: The Smell of Fear,The Naked Gun 2½: The Smell of Fear,0,1991,\N,85,"Comedy,Crime",6.9,111972.0
tt0080455,movie,The Blues Brothers,The Blues Brothers,0,1980,\N,133,"Action,Adventure,Comedy",7.9,195441.0
tt0462322,movie,Grindhouse,Grindhouse,0,2007,\N,191,"Action,Horror,Thriller",7.5,183483.0
tt0057413,movie,The Pink Panther,The Pink Panther,0,1963,\N,115,"Comedy,Crime,Romance",7.1,51822.0
tt1020558,movie,Centurion,Centurion,0,2010,\N,97,"Action,Drama,History",6.3,82195.0
tt1800246,movie,That Awkward Moment,That Awkward Moment,0,2014,\N,94,"Comedy,Romance",6.1,102234.0
tt8526872,movie,Dolemite Is My Name,Dolemite Is My Name,0,2019,\N,118,"Biography,Comedy,Drama",7.2,59833.0
tt0206634,movie,Children of Men,Children of Men,0,2006,\N,109,"Action,Drama,Sci-Fi",7.9,491429.0
tt2039393,movie,The Gambler,The Gambler,0,2014,\N,111,"Crime,Drama,Thriller",6.0,69891.0
tt3390572,movie,Haider,Haider,0,2014,\N,160,"Action,Crime,Drama",8.1,54379.0
tt0211933,movie,Awake,Awake,0,2007,\N,84,"Crime,Drama,Mystery",6.5,75400.0
tt0367594,movie,Charlie and the Chocolate Factory,Charlie and the Chocolate Factory,0,2005,\N,115,"Adventure,Comedy,Family",6.6,464864.0
tt0031679,movie,Mr. Smith Goes to Washington,Mr. Smith Goes to Washington,0,1939,\N,129,"Comedy,Drama",8.1,114168.0
tt8228288,movie,The Platform,El hoyo,0,2019,\N,94,"Horror,Sci-Fi,Thriller",7.0,207069.0
tt6499752,movie,Upgrade,Upgrade,0,2018,\N,100,"Action,Sci-Fi,Thriller",7.5,180086.0
tt1142988,movie,The Ugly Truth,The Ugly Truth,0,2009,\N,96,"Comedy,Romance",6.4,216058.0
tt0131325,movie,Bowfinger,Bowfinger,0,1999,\N,97,Comedy,6.5,70293.0
tt2709768,movie,The Secret Life of Pets,The Secret Life of Pets,0,2016,\N,87,"Adventure,Animation,Comedy",6.5,197813.0
tt0470752,movie,Ex Machina,Ex Machina,0,2014,\N,108,"Drama,Sci-Fi,Thriller",7.7,525094.0
tt7653254,movie,Marriage Story,Marriage Story,0,2019,\N,137,"Drama,Romance",7.9,293407.0
tt0289879,movie,The Butterfly Effect,The Butterfly Effect,0,2004,\N,113,"Drama,Sci-Fi,Thriller",7.6,479763.0
tt0443649,movie,"10,000 BC","10,000 BC",0,2008,\N,109,"Action,Adventure,Drama",5.1,130112.0
tt0083791,movie,The Dark Crystal,The Dark Crystal,0,1982,\N,93,"Adventure,Family,Fantasy",7.1,65893.0
tt4975722,movie,Moonlight,Moonlight,0,2016,\N,111,Drama,7.4,299941.0
tt1438254,movie,Charlie St. Cloud,Charlie St. Cloud,0,2010,\N,100,"Drama,Fantasy,Romance",6.4,61739.0
tt10618286,movie,Mank,Mank,0,2020,\N,131,"Biography,Comedy,Drama",6.8,71331.0
tt0379725,movie,Capote,Capote,0,2005,\N,114,"Biography,Crime,Drama",7.3,131807.0
tt0368909,movie,Ong-Bak: The Thai Warrior,Ong-bak,0,2003,\N,108,"Action,Crime,Thriller",7.1,74123.0
tt0117381,movie,Primal Fear,Primal Fear,0,1996,\N,129,"Crime,Drama,Mystery",7.7,207976.0
tt0116695,movie,Jerry Maguire,Jerry Maguire,0,1996,\N,139,"Comedy,Drama,Romance",7.3,259474.0
tt0137363,movie,Arlington Road,Arlington Road,0,1999,\N,117,"Action,Crime,Drama",7.2,85950.0
tt0264464,movie,Catch Me If You Can,Catch Me If You Can,0,2002,\N,141,"Biography,Crime,Drama",8.1,936221.0
tt0092675,movie,Bloodsport,Bloodsport,0,1988,\N,92,"Action,Biography,Drama",6.8,83715.0
tt0948470,movie,The Amazing Spider-Man,The Amazing Spider-Man,0,2012,\N,136,"Action,Adventure,Sci-Fi",6.9,637273.0
tt0172493,movie,"Girl, Interrupted","Girl, Interrupted",0,1999,\N,127,"Biography,Drama",7.3,180396.0
tt0112573,movie,Braveheart,Braveheart,0,1995,\N,178,"Biography,Drama,History",8.4,1015402.0
tt0022100,movie,M,M - Eine Stadt sucht einen Mörder,0,1931,\N,117,"Crime,Mystery,Thriller",8.3,155018.0
tt0110357,movie,The Lion King,The Lion King,0,1994,\N,88,"Adventure,Animation,Drama",8.5,1021664.0
tt0032551,movie,The Grapes of Wrath,The Grapes of Wrath,0,1940,\N,129,Drama,8.1,91460.0
tt0108358,movie,Tombstone,Tombstone,0,1993,\N,130,"Action,Biography,Drama",7.8,143697.0
tt0483607,movie,Doomsday,Doomsday,0,2008,\N,113,"Action,Sci-Fi,Thriller",5.9,76499.0
tt0144084,movie,American Psycho,American Psycho,0,2000,\N,102,"Crime,Drama,Horror",7.6,564548.0
tt1711525,movie,Office Christmas Party,Office Christmas Party,0,2016,\N,105,Comedy,5.8,79223.0
tt1095217,movie,Bad Lieutenant: Port of Call New Orleans,The Bad Lieutenant: Port of Call - New Orleans,0,2009,\N,122,"Crime,Drama",6.6,76836.0
tt0338466,movie,Stuck on You,Stuck on You,0,2003,\N,118,Comedy,5.8,53002.0
tt9866072,movie,Holidate,Holidate,0,2020,\N,104,"Comedy,Romance",6.1,62472.0
tt1748179,movie,Red Lights,Red Lights,0,2012,\N,114,"Drama,Fantasy,Mystery",6.2,61161.0
tt2094766,movie,Assassin's Creed,Assassin's Creed,0,2016,\N,115,"Action,Adventure,Sci-Fi",5.6,196723.0
tt0303816,movie,Cabin Fever,Cabin Fever,0,2002,\N,93,Horror,5.6,77376.0
tt0151804,movie,Office Space,Office Space,0,1999,\N,89,Comedy,7.7,260280.0
tt0081573,movie,Superman II,Superman II,0,1980,\N,127,"Action,Adventure,Sci-Fi",6.8,106001.0
tt0093822,movie,Raising Arizona,Raising Arizona,0,1987,\N,94,"Comedy,Crime",7.3,136730.0
tt6850820,movie,Peppermint,Peppermint,0,2018,\N,101,"Action,Thriller",6.4,64029.0
tt0115964,movie,Crash,Crash,0,1996,\N,100,Drama,6.4,58436.0
tt0475394,movie,Smokin' Aces,Smokin' Aces,0,2006,\N,109,"Action,Comedy,Crime",6.6,144147.0
tt0983193,movie,The Adventures of Tintin,The Adventures of Tintin,0,2011,\N,107,"Action,Adventure,Animation",7.3,228220.0
tt2582496,movie,Me and Earl and the Dying Girl,Me and Earl and the Dying Girl,0,2015,\N,105,"Comedy,Drama",7.7,129967.0
tt1075747,movie,Jonah Hex,Jonah Hex,0,2010,\N,81,"Action,Drama,Fantasy",4.7,58642.0
tt0355295,movie,The Brothers Grimm,The Brothers Grimm,0,2005,\N,118,"Action,Adventure,Comedy",5.9,120332.0
tt1117385,movie,Felon,Felon,0,2008,\N,104,"Crime,Thriller",7.4,78062.0
tt0405159,movie,Million Dollar Baby,Million Dollar Baby,0,2004,\N,132,"Drama,Sport",8.1,674434.0
tt6977338,movie,Good Boys,Good Boys,0,2019,\N,90,"Adventure,Comedy",6.7,72411.0
tt6644200,movie,A Quiet Place,A Quiet Place,0,2018,\N,90,"Drama,Horror,Sci-Fi",7.5,505262.0
tt0373051,movie,Journey to the Center of the Earth,Journey to the Center of the Earth,0,2008,\N,93,"Action,Adventure,Family",5.8,121155.0
tt0154420,movie,The Celebration,Festen,0,1998,\N,105,Drama,8.1,85824.0
tt0120324,movie,A Simple Plan,A Simple Plan,0,1998,\N,121,"Crime,Drama,Thriller",7.5,68905.0
tt0089218,movie,The Goonies,The Goonies,0,1985,\N,114,"Adventure,Comedy,Family",7.7,264601.0
tt6663582,movie,The Spy Who Dumped Me,The Spy Who Dumped Me,0,2018,\N,117,"Action,Adventure,Comedy",6.0,76349.0
tt1754656,movie,The Little Prince,Le Petit Prince,0,2015,\N,108,"Adventure,Animation,Drama",7.7,61183.0
tt3488710,movie,The Walk,The Walk,0,2015,\N,123,"Adventure,Biography,Drama",7.3,127208.0
tt1233227,movie,Saw VI,Saw VI,0,2009,\N,90,"Horror,Mystery,Thriller",6.0,110153.0
tt8580274,movie,Eurovision Song Contest: The Story of Fire Saga,Eurovision Song Contest: The Story of Fire Saga,0,2020,\N,123,"Comedy,Musical",6.5,91041.0
tt0117060,movie,Mission: Impossible,Mission: Impossible,0,1996,\N,110,"Action,Adventure,Thriller",7.1,413618.0
tt1939659,movie,Carrie,Carrie,0,2013,\N,100,"Drama,Horror",5.8,139007.0
tt1243974,movie,Aloha,Aloha,0,2015,\N,105,"Comedy,Drama,Romance",5.4,66217.0
tt0091251,movie,Come and See,Idi i smotri,0,1985,\N,142,"Drama,Thriller,War",8.4,74516.0
tt0103939,movie,Chaplin,Chaplin,0,1992,\N,143,"Biography,Comedy,Drama",7.5,57215.0
tt0339291,movie,A Series of Unfortunate Events,A Series of Unfortunate Events,0,2004,\N,108,"Adventure,Comedy,Family",6.8,206307.0
tt1815862,movie,After Earth,After Earth,0,2013,\N,100,"Action,Adventure,Sci-Fi",4.8,199616.0
tt0363589,movie,Elephant,Elephant,0,2003,\N,81,"Crime,Drama,Thriller",7.1,90473.0
tt2226417,movie,Insidious: Chapter 2,Insidious: Chapter 2,0,2013,\N,106,"Horror,Mystery,Thriller",6.5,167329.0
tt1322312,movie,Going the Distance,Going the Distance,0,2010,\N,103,"Comedy,Romance",6.3,58258.0
tt0095497,movie,The Last Temptation of Christ,The Last Temptation of Christ,0,1988,\N,164,Drama,7.5,56739.0
tt0881320,movie,Sanctum,Sanctum,0,2011,\N,108,"Action,Adventure,Drama",5.9,55380.0
tt1210819,movie,The Lone Ranger,The Lone Ranger,0,2013,\N,150,"Action,Adventure,Western",6.4,231327.0
tt0107798,movie,The Pelican Brief,The Pelican Brief,0,1993,\N,141,"Crime,Drama,Mystery",6.6,85629.0
tt6214928,movie,1922,1922,0,2017,\N,102,"Crime,Drama,Horror",6.2,61542.0
tt0787475,movie,Hot Rod,Hot Rod,0,2007,\N,88,"Comedy,Sport",6.7,84765.0
tt1846589,movie,Hunter Killer,Hunter Killer,0,2018,\N,121,"Action,Thriller",6.6,61788.0
tt6292852,movie,I Am Mother,I Am Mother,0,2019,\N,113,"Drama,Mystery,Sci-Fi",6.7,88611.0
tt0017136,movie,Metropolis,Metropolis,0,1927,\N,153,"Drama,Sci-Fi",8.3,171294.0
tt0985694,movie,Machete,Machete,0,2010,\N,105,"Action,Crime,Thriller",6.6,196358.0
tt2397535,movie,Predestination,Predestination,0,2014,\N,97,"Action,Drama,Sci-Fi",7.4,276086.0
tt2387499,movie,Keeping Up with the Joneses,Keeping Up with the Joneses,0,2016,\N,105,"Action,Comedy",5.9,62416.0
tt0119190,movie,George of the Jungle,George of the Jungle,0,1997,\N,92,"Action,Adventure,Comedy",5.5,76666.0
tt0267626,movie,K-19: The Widowmaker,K-19: The Widowmaker,0,2002,\N,138,"Drama,History,Thriller",6.7,62803.0
tt1980209,movie,Pain & Gain,Pain & Gain,0,2013,\N,129,"Action,Comedy,Crime",6.4,214020.0
tt0091474,movie,Manhunter,Manhunter,0,1986,\N,120,"Crime,Mystery,Thriller",7.2,72355.0
tt10366460,movie,CODA,CODA,0,2021,\N,111,"Comedy,Drama,Music",8.0,103205.0
tt4686844,movie,The Death of Stalin,The Death of Stalin,0,2017,\N,107,"Comedy,Drama,History",7.2,100300.0
tt0098724,movie,"Sex, Lies, and Videotape","Sex, Lies, and Videotape",0,1989,\N,100,Drama,7.2,54450.0
tt0070379,movie,Mean Streets,Mean Streets,0,1973,\N,112,"Crime,Drama,Thriller",7.2,107637.0
tt0100814,movie,Tremors,Tremors,0,1990,\N,96,"Comedy,Horror",7.1,134589.0
tt0072271,movie,The Texas Chain Saw Massacre,The Texas Chain Saw Massacre,0,1974,\N,83,Horror,7.4,156369.0
tt1430132,movie,The Wolverine,The Wolverine,0,2013,\N,126,"Action,Sci-Fi",6.7,456304.0
tt5433138,movie,F9: The Fast Saga,F9,0,2021,\N,143,"Action,Crime,Thriller",5.2,121827.0
tt0134273,movie,8MM,8MM,0,1999,\N,123,"Crime,Drama,Mystery",6.5,131899.0
tt0097815,movie,Major League,Major League,0,1989,\N,107,"Comedy,Sport",7.2,68045.0
tt1176740,movie,Away We Go,Away We Go,0,2009,\N,98,"Adventure,Comedy,Drama",7.0,53377.0
tt0113198,movie,A Goofy Movie,A Goofy Movie,0,1995,\N,78,"Adventure,Animation,Comedy",6.9,52671.0
tt0385002,movie,Green Street Hooligans,Hooligans,0,2005,\N,109,"Crime,Drama,Sport",7.4,149418.0
tt0266543,movie,Finding Nemo,Finding Nemo,0,2003,\N,100,"Adventure,Animation,Comedy",8.2,1015218.0
tt0313542,movie,Runaway Jury,Runaway Jury,0,2003,\N,127,"Crime,Drama,Thriller",7.1,96570.0
tt1220634,movie,Resident Evil: Afterlife,Resident Evil: Afterlife,0,2010,\N,96,"Action,Adventure,Horror",5.8,169820.0
tt0091203,movie,Highlander,Highlander,0,1986,\N,116,"Action,Adventure,Fantasy",7.1,133093.0
tt0099674,movie,The Godfather: Part III,The Godfather: Part III,0,1990,\N,162,"Crime,Drama",7.6,386647.0
tt0342258,movie,Unleashed,Unleashed,0,2005,\N,103,"Action,Crime,Drama",7.0,102300.0
tt1453405,movie,Monsters University,Monsters University,0,2013,\N,104,"Adventure,Animation,Comedy",7.3,349701.0
tt0824747,movie,Changeling,Changeling,0,2008,\N,141,"Biography,Crime,Drama",7.8,252287.0
tt3063516,movie,Jackass Presents: Bad Grandpa,Bad Grandpa,0,2013,\N,92,Comedy,6.5,94213.0
tt2870756,movie,Magic in the Moonlight,Magic in the Moonlight,0,2014,\N,97,"Comedy,Drama,Romance",6.5,67433.0
tt0091129,movie,The Golden Child,The Golden Child,0,1986,\N,94,"Action,Adventure,Comedy",5.9,55773.0
tt0082010,movie,An American Werewolf in London,An American Werewolf in London,0,1981,\N,97,"Comedy,Horror",7.5,103756.0
tt0186151,movie,Frequency,Frequency,0,2000,\N,118,"Crime,Drama,Mystery",7.4,107062.0
tt0104036,movie,The Crying Game,The Crying Game,0,1992,\N,112,"Crime,Drama,Romance",7.2,54951.0
tt0370032,movie,Ultraviolet,Ultraviolet,0,2006,\N,88,"Action,Sci-Fi",4.3,81611.0
tt2404311,movie,The Family,The Family,0,2013,\N,111,"Comedy,Crime,Thriller",6.3,115799.0
tt6053438,movie,First Reformed,First Reformed,0,2017,\N,113,"Drama,Mystery,Thriller",7.1,55061.0
tt0338564,movie,Infernal Affairs,Mou gaan dou,0,2002,\N,101,"Action,Crime,Drama",8.0,123383.0
tt0088247,movie,The Terminator,The Terminator,0,1984,\N,107,"Action,Sci-Fi",8.1,840298.0
tt1855199,movie,End of Watch,End of Watch,0,2012,\N,109,"Action,Adventure,Crime",7.6,243504.0
tt0100935,movie,Wild at Heart,Wild at Heart,0,1990,\N,125,"Comedy,Crime,Drama",7.2,91703.0
tt1625346,movie,Young Adult,Young Adult,0,2011,\N,94,"Comedy,Drama",6.3,83721.0
tt0346491,movie,Alexander,Alexander,0,2004,\N,175,"Action,Biography,Drama",5.6,168601.0
tt1231587,movie,Hot Tub Time Machine,Hot Tub Time Machine,0,2010,\N,101,"Comedy,Sci-Fi",6.4,172257.0
tt0120844,movie,Star Trek: Insurrection,Star Trek: Insurrection,0,1998,\N,103,"Action,Adventure,Sci-Fi",6.4,74461.0
tt1517260,movie,The Host,The Host,0,2013,\N,125,"Action,Adventure,Drama",5.8,114286.0
tt0090859,movie,Cobra,Cobra,0,1986,\N,87,"Action,Crime,Thriller",5.8,72154.0
tt0399201,movie,The Island,The Island,0,2005,\N,136,"Action,Sci-Fi,Thriller",6.8,313282.0
tt6266538,movie,Vice,Vice,0,2018,\N,132,"Biography,Comedy,Drama",7.2,141536.0
tt0078788,movie,Apocalypse Now,Apocalypse Now,0,1979,\N,147,"Drama,Mystery,War",8.5,649802.0
tt1259571,movie,The Twilight Saga: New Moon,The Twilight Saga: New Moon,0,2009,\N,130,"Adventure,Drama,Fantasy",4.7,280370.0
tt1446192,movie,Rise of the Guardians,Rise of the Guardians,0,2012,\N,97,"Action,Adventure,Animation",7.2,171085.0
tt0416449,movie,300,300,0,2006,\N,117,"Action,Drama",7.6,801651.0
tt0101761,movie,The Doors,The Doors,0,1991,\N,140,"Biography,Drama,Music",7.2,91117.0
tt0870154,movie,Jungle Cruise,Jungle Cruise,0,2021,\N,127,"Action,Adventure,Comedy",6.6,175869.0
tt0815245,movie,The Uninvited,The Uninvited,0,2009,\N,87,"Drama,Fantasy,Horror",6.3,79813.0
tt1032755,movie,RocknRolla,RocknRolla,0,2008,\N,114,"Action,Crime,Thriller",7.3,248597.0
tt0257360,movie,About Schmidt,About Schmidt,0,2002,\N,125,"Comedy,Drama",7.2,127972.0
tt3312830,movie,Youth,Youth,0,2015,\N,124,"Comedy,Drama,Music",7.3,77502.0
tt3272066,movie,Reminiscence,Reminiscence,0,2021,\N,116,"Mystery,Romance,Sci-Fi",5.8,50861.0
tt0426931,movie,August Rush,August Rush,0,2007,\N,114,"Drama,Music",7.4,106898.0
tt0043014,movie,Sunset Blvd.,Sunset Blvd.,0,1950,\N,110,"Drama,Film-Noir",8.4,217257.0
tt1226229,movie,Get Him to the Greek,Get Him to the Greek,0,2010,\N,109,"Comedy,Music",6.3,177041.0
tt0453467,movie,Deja Vu,Deja Vu,0,2006,\N,126,"Action,Crime,Sci-Fi",7.1,307332.0
tt1464335,movie,Uncharted,Uncharted,0,2022,\N,116,"Action,Adventure",6.5,82912.0
tt6133466,movie,The First Purge,The First Purge,0,2018,\N,97,"Action,Horror,Sci-Fi",5.2,62668.0
tt10280276,movie,Coolie No. 1,Coolie No. 1,0,2020,\N,134,"Action,Comedy,Romance",4.2,73217.0
tt0365737,movie,Syriana,Syriana,0,2005,\N,128,"Drama,Thriller",6.9,129681.0
tt5606664,movie,Doctor Sleep,Doctor Sleep,0,2019,\N,152,"Drama,Fantasy,Horror",7.3,182067.0
tt0413267,movie,Shrek the Third,Shrek the Third,0,2007,\N,93,"Adventure,Animation,Comedy",6.1,300229.0
tt1964418,movie,Tomorrowland,Tomorrowland,0,2015,\N,130,"Action,Adventure,Family",6.4,180824.0
tt0110622,movie,Naked Gun 33 1/3: The Final Insult,Naked Gun 33 1/3: The Final Insult,0,1994,\N,83,"Comedy,Crime",6.5,103094.0
tt0821640,movie,Ghosts of Girlfriends Past,Ghosts of Girlfriends Past,0,2009,\N,115,"Comedy,Fantasy,Romance",5.8,89240.0
tt0443453,movie,Borat: Cultural Learnings of America for Make Benefit Glorious Nation of Kazakhstan,Borat: Cultural Learnings of America for Make Benefit Glorious Nation of Kazakhstan,0,2006,\N,84,Comedy,7.3,400126.0
tt0420332,movie,Veer-Zaara,Veer-Zaara,0,2004,\N,192,"Drama,Family,Musical",7.8,52233.0
tt0142342,movie,Big Daddy,Big Daddy,0,1999,\N,93,"Comedy,Drama",6.4,213005.0
tt0139134,movie,Cruel Intentions,Cruel Intentions,0,1999,\N,97,"Drama,Romance",6.8,189525.0
tt4438848,movie,Neighbors 2: Sorority Rising,Neighbors 2: Sorority Rising,0,2016,\N,92,Comedy,5.7,121256.0
tt0108330,movie,This Boy's Life,This Boy's Life,0,1993,\N,115,"Biography,Drama",7.3,52231.0
tt0046438,movie,Tokyo Story,Tôkyô monogatari,0,1953,\N,136,Drama,8.2,60191.0
tt0089686,movie,A Nightmare on Elm Street 2: Freddy's Revenge,A Nightmare on Elm Street Part 2: Freddy's Revenge,0,1985,\N,87,Horror,5.4,68196.0
tt1790809,movie,Pirates of the Caribbean: Dead Men Tell No Tales,Pirates of the Caribbean: Dead Men Tell No Tales,0,2017,\N,129,"Action,Adventure,Fantasy",6.5,295131.0
tt1663662,movie,Pacific Rim,Pacific Rim,0,2013,\N,131,"Action,Adventure,Sci-Fi",6.9,492082.0
tt1650062,movie,Super 8,Super 8,0,2011,\N,112,"Action,Mystery,Sci-Fi",7.0,350801.0
tt0095250,movie,The Big Blue,Le grand bleu,0,1988,\N,168,"Adventure,Drama,Sport",7.5,51117.0
tt0300471,movie,Shanghai Knights,Shanghai Knights,0,2003,\N,114,"Action,Adventure,Comedy",6.2,105267.0
tt0408236,movie,Sweeney Todd: The Demon Barber of Fleet Street,Sweeney Todd: The Demon Barber of Fleet Street,0,2007,\N,116,"Drama,Horror,Musical",7.3,361465.0
tt0094889,movie,Cocktail,Cocktail,0,1988,\N,104,"Comedy,Drama,Romance",5.9,84086.0
tt0276919,movie,Dogville,Dogville,0,2003,\N,178,"Crime,Drama",8.0,146742.0
tt0970452,movie,Solomon Kane,Solomon Kane,0,2009,\N,104,"Action,Adventure,Fantasy",6.1,73132.0
tt0489049,movie,Fanboys,Fanboys,0,2009,\N,120,"Adventure,Comedy,Crime",6.5,58648.0
tt3201640,movie,Extinction,Extinction,0,2018,\N,95,"Action,Drama,Sci-Fi",5.8,52191.0
tt1351685,movie,Jack the Giant Slayer,Jack the Giant Slayer,0,2013,\N,114,"Action,Adventure,Fantasy",6.3,137336.0
tt2322441,movie,Fifty Shades of Grey,Fifty Shades of Grey,0,2015,\N,125,"Drama,Romance,Thriller",4.1,314481.0
tt0412019,movie,Broken Flowers,Broken Flowers,0,2005,\N,106,"Comedy,Drama,Mystery",7.2,102260.0
tt0107048,movie,Groundhog Day,Groundhog Day,0,1993,\N,101,"Comedy,Drama,Fantasy",8.1,613387.0
tt0408345,movie,Firewall,Firewall,0,2006,\N,105,"Action,Crime,Thriller",5.8,57730.0
tt0120863,movie,The Thin Red Line,The Thin Red Line,0,1998,\N,170,"Drama,History,War",7.6,185144.0
tt0098554,movie,Uncle Buck,Uncle Buck,0,1989,\N,100,Comedy,7.0,93985.0
tt0353969,movie,Memories of Murder,Salinui chueok,0,2003,\N,131,"Crime,Drama,Mystery",8.1,172228.0
tt0838221,movie,The Darjeeling Limited,The Darjeeling Limited,0,2007,\N,91,"Adventure,Comedy,Drama",7.2,196056.0
tt0430105,movie,Four Brothers,Four Brothers,0,2005,\N,109,"Action,Crime,Drama",6.8,144521.0
tt0416236,movie,The Spiderwick Chronicles,The Spiderwick Chronicles,0,2008,\N,96,"Action,Adventure,Drama",6.5,94583.0
tt2278388,movie,The Grand Budapest Hotel,The Grand Budapest Hotel,0,2014,\N,99,"Adventure,Comedy,Crime",8.1,779206.0
tt0328107,movie,Man on Fire,Man on Fire,0,2004,\N,146,"Action,Crime,Drama",7.7,355934.0
tt0104231,movie,Far and Away,Far and Away,0,1992,\N,140,"Adventure,Drama,Romance",6.6,62752.0
tt2436386,movie,Project Almanac,Project Almanac,0,2015,\N,106,"Drama,Mystery,Sci-Fi",6.3,79730.0
tt0312004,movie,Wallace & Gromit: The Curse of the Were-Rabbit,The Curse of the Were-Rabbit,0,2005,\N,85,"Adventure,Animation,Comedy",7.5,133438.0
tt0122718,movie,Small Soldiers,Small Soldiers,0,1998,\N,108,"Action,Adventure,Comedy",6.2,98230.0
tt0322802,movie,Jackass: The Movie,Jackass: The Movie,0,2002,\N,85,"Action,Comedy,Documentary",6.6,92231.0
tt0116282,movie,Fargo,Fargo,0,1996,\N,98,"Crime,Thriller",8.1,662907.0
tt1645170,movie,The Dictator,The Dictator,0,2012,\N,83,Comedy,6.4,299039.0
tt0117631,movie,Shine,Shine,0,1996,\N,105,"Biography,Drama,Music",7.7,53892.0
tt0324216,movie,The Texas Chainsaw Massacre,The Texas Chainsaw Massacre,0,2003,\N,98,"Crime,Horror",6.2,140612.0
tt5246700,movie,How It Ends,How It Ends,0,2018,\N,113,"Action,Drama,Mystery",5.0,51495.0
tt6394270,movie,Bombshell,Bombshell,0,2019,\N,109,"Biography,Drama",6.8,111077.0
tt0889573,movie,The Switch,The Switch,0,2010,\N,101,"Comedy,Drama,Romance",6.1,104112.0
tt1185616,movie,Waltz with Bashir,Vals Im Bashir,0,2008,\N,90,"Animation,Biography,Documentary",8.0,57538.0
tt0057546,movie,The Sword in the Stone,The Sword in the Stone,0,1963,\N,79,"Adventure,Animation,Comedy",7.1,96334.0
tt1602613,movie,Only God Forgives,Only God Forgives,0,2013,\N,90,"Action,Crime,Drama",5.7,111756.0
tt0082340,movie,Escape from New York,Escape from New York,0,1981,\N,99,"Action,Adventure,Sci-Fi",7.1,138929.0
tt1618434,movie,Murder Mystery,Murder Mystery,0,2019,\N,97,"Action,Comedy,Crime",6.0,121791.0
tt0859163,movie,The Mummy: Tomb of the Dragon Emperor,The Mummy: Tomb of the Dragon Emperor,0,2008,\N,112,"Action,Fantasy,Horror",5.2,158734.0
tt1272878,movie,2 Guns,2 Guns,0,2013,\N,109,"Action,Comedy,Crime",6.7,209022.0
tt1675192,movie,Take Shelter,Take Shelter,0,2011,\N,121,"Drama,Sci-Fi,Thriller",7.3,99592.0
tt0064665,movie,Midnight Cowboy,Midnight Cowboy,0,1969,\N,113,Drama,7.8,109417.0
tt4034354,movie,Swiss Army Man,Swiss Army Man,0,2016,\N,97,"Comedy,Drama,Fantasy",6.9,116147.0
tt0115759,movie,Broken Arrow,Broken Arrow,0,1996,\N,108,"Action,Adventure,Thriller",6.1,97568.0
tt0421239,movie,Red Eye,Red Eye,0,2005,\N,85,Thriller,6.5,119322.0
tt4116284,movie,The Lego Batman Movie,The Lego Batman Movie,0,2017,\N,104,"Action,Adventure,Animation",7.3,145820.0
tt1598778,movie,Contagion,Contagion,0,2011,\N,106,"Drama,Thriller",6.8,299983.0
tt0117438,movie,Ransom,Ransom,0,1996,\N,121,"Action,Crime,Thriller",6.7,126431.0
tt3521164,movie,Moana,Moana,0,2016,\N,107,"Adventure,Animation,Comedy",7.6,319600.0
tt0204946,movie,Bring It On,Bring It On,0,2000,\N,98,"Comedy,Romance,Sport",6.1,94958.0
tt1197624,movie,Law Abiding Citizen,Law Abiding Citizen,0,2009,\N,109,"Action,Crime,Drama",7.4,291550.0
tt1293847,movie,xXx: Return of Xander Cage,xXx: Return of Xander Cage,0,2017,\N,107,"Action,Adventure,Comedy",5.2,91068.0
tt0113118,movie,Friday,Friday,0,1995,\N,91,"Comedy,Drama",7.2,110675.0
tt0209958,movie,The Cell,The Cell,0,2000,\N,107,"Crime,Horror,Sci-Fi",6.4,101797.0
tt0988047,movie,Traitor,Traitor,0,2008,\N,114,"Action,Crime,Drama",6.9,57529.0
tt2377322,movie,Deliver Us from Evil,Deliver Us from Evil,0,2014,\N,118,"Crime,Drama,Fantasy",6.2,76071.0
tt0087928,movie,Police Academy,Police Academy,0,1984,\N,96,Comedy,6.7,123627.0
tt0120363,movie,Toy Story 2,Toy Story 2,0,1999,\N,92,"Adventure,Animation,Comedy",7.9,565087.0
tt0033870,movie,The Maltese Falcon,The Maltese Falcon,0,1941,\N,100,"Crime,Film-Noir,Mystery",8.0,156554.0
tt0338337,movie,Paycheck,Paycheck,0,2003,\N,119,"Action,Mystery,Sci-Fi",6.3,107808.0
tt0420223,movie,Stranger Than Fiction,Stranger Than Fiction,0,2006,\N,113,"Comedy,Drama,Fantasy",7.6,226830.0
tt6742252,movie,The Guilty,Den skyldige,0,2018,\N,85,"Crime,Drama,Thriller",7.5,57211.0
tt0799934,movie,Be Kind Rewind,Be Kind Rewind,0,2008,\N,102,Comedy,6.4,90988.0
tt1486185,movie,Red Riding Hood,Red Riding Hood,0,2011,\N,100,"Fantasy,Horror,Mystery",5.4,111581.0
tt0112462,movie,Batman Forever,Batman Forever,0,1995,\N,121,"Action,Adventure",5.4,249615.0
tt0910936,movie,Pineapple Express,Pineapple Express,0,2008,\N,111,"Action,Comedy,Crime",6.9,333732.0
tt0120907,movie,eXistenZ,eXistenZ,0,1999,\N,97,"Horror,Mystery,Sci-Fi",6.8,99080.0
tt1414382,movie,You Again,You Again,0,2010,\N,105,"Comedy,Romance",5.7,51739.0
tt0056687,movie,What Ever Happened to Baby Jane?,What Ever Happened to Baby Jane?,0,1962,\N,134,"Drama,Horror,Thriller",8.0,54900.0
tt1542344,movie,127 Hours,127 Hours,0,2010,\N,94,"Biography,Drama",7.6,370626.0
tt0245562,movie,Windtalkers,Windtalkers,0,2002,\N,134,"Action,Drama,War",6.1,68705.0
tt0084434,movie,An Officer and a Gentleman,An Officer and a Gentleman,0,1982,\N,124,"Drama,Romance",7.0,55618.0
tt5022702,movie,Hush,Hush,0,2016,\N,82,"Horror,Thriller",6.6,126108.0
tt0083987,movie,Gandhi,Gandhi,0,1982,\N,191,"Biography,Drama",8.1,227669.0
tt1155592,movie,Man on Wire,Man on Wire,0,2008,\N,94,"Biography,Crime,Documentary",7.7,55468.0
tt7979580,movie,The Mitchells vs the Machines,The Mitchells vs the Machines,0,2021,\N,113,"Adventure,Animation,Comedy",7.6,100136.0
tt3224458,movie,A Beautiful Day in the Neighborhood,A Beautiful Day in the Neighborhood,0,2019,\N,109,"Biography,Drama",7.3,76625.0
tt0120780,movie,Out of Sight,Out of Sight,0,1998,\N,123,"Comedy,Crime,Drama",7.0,91514.0
tt0097742,movie,Licence to Kill,Licence to Kill,0,1989,\N,133,"Action,Adventure,Thriller",6.6,102843.0
tt2381941,movie,Focus,Focus,0,2015,\N,105,"Comedy,Crime,Drama",6.6,241403.0
tt0983213,movie,5 Centimeters per Second,Byôsoku 5 senchimêtoru,0,2007,\N,63,"Animation,Drama,Family",7.5,56638.0
tt0106965,movie,Free Willy,Free Willy,0,1993,\N,112,"Adventure,Drama,Family",6.0,75203.0
tt1489887,movie,Booksmart,Booksmart,0,2019,\N,102,Comedy,7.1,113360.0
tt0052311,movie,Touch of Evil,Touch of Evil,0,1958,\N,95,"Crime,Drama,Film-Noir",8.0,103370.0
tt0343135,movie,Along Came Polly,Along Came Polly,0,2004,\N,90,"Comedy,Romance",6.0,134343.0
tt1067106,movie,A Christmas Carol,A Christmas Carol,0,2009,\N,96,"Adventure,Animation,Comedy",6.8,113078.0
tt1092026,movie,Paul,Paul,0,2011,\N,104,"Adventure,Comedy,Sci-Fi",6.9,249253.0
tt1410063,movie,The Flowers of War,Jin ling shi san chai,0,2011,\N,146,"Drama,History,Romance",7.5,52340.0
tt4169250,movie,M.S. Dhoni: The Untold Story,M.S. Dhoni: The Untold Story,0,2016,\N,184,"Biography,Drama,Sport",7.9,53491.0
tt1800741,movie,Step Up Revolution,Step Up Revolution,0,2012,\N,99,"Drama,Music,Romance",6.4,55909.0
tt0811080,movie,Speed Racer,Speed Racer,0,2008,\N,135,"Action,Adventure,Comedy",6.0,73102.0
tt2798920,movie,Annihilation,Annihilation,0,2018,\N,115,"Adventure,Drama,Horror",6.8,312551.0
tt0048424,movie,The Night of the Hunter,The Night of the Hunter,0,1955,\N,92,"Crime,Drama,Film-Noir",8.0,87982.0
tt1408253,movie,Ride Along,Ride Along,0,2014,\N,99,"Action,Comedy,Crime",6.1,112253.0
tt0338526,movie,Van Helsing,Van Helsing,0,2004,\N,131,"Action,Adventure,Fantasy",6.0,261154.0
tt0110475,movie,The Mask,The Mask,0,1994,\N,101,"Action,Comedy,Crime",6.9,375739.0
tt7097896,movie,Venom: Let There Be Carnage,Venom: Let There Be Carnage,0,2021,\N,97,"Action,Adventure,Sci-Fi",6.0,193657.0
tt1408101,movie,Star Trek Into Darkness,Star Trek Into Darkness,0,2013,\N,132,"Action,Adventure,Sci-Fi",7.7,478864.0
tt0448157,movie,Hancock,Hancock,0,2008,\N,92,"Action,Drama,Fantasy",6.4,472572.0
tt1981128,movie,Geostorm,Geostorm,0,2017,\N,109,"Action,Sci-Fi,Thriller",5.3,105432.0
tt0181984,movie,Boiler Room,Boiler Room,0,2000,\N,120,"Crime,Drama,Thriller",7.0,52622.0
tt1441326,movie,Martha Marcy May Marlene,Martha Marcy May Marlene,0,2011,\N,102,"Drama,Mystery,Thriller",6.8,52171.0
tt0396171,movie,Perfume: The Story of a Murderer,Perfume: The Story of a Murderer,0,2006,\N,147,"Crime,Drama,Fantasy",7.5,246146.0
tt1675434,movie,The Intouchables,Intouchables,0,2011,\N,112,"Biography,Comedy,Drama",8.5,829853.0
tt1634122,movie,Johnny English Reborn,Johnny English Reborn,0,2011,\N,101,"Action,Adventure,Comedy",6.3,128794.0
tt0066995,movie,Diamonds Are Forever,Diamonds Are Forever,0,1971,\N,120,"Action,Adventure,Thriller",6.6,104501.0
tt0465624,movie,My Super Ex-Girlfriend,My Super Ex-Girlfriend,0,2006,\N,96,"Comedy,Romance,Sci-Fi",5.2,64113.0
tt1601913,movie,The Grey,The Grey,0,2011,\N,117,"Action,Adventure,Drama",6.8,250452.0
tt1433108,movie,Faster,Faster,0,2010,\N,98,"Action,Crime,Drama",6.4,106477.0
tt2709692,movie,The Grinch,The Grinch,0,2018,\N,85,"Adventure,Animation,Comedy",6.3,67862.0
tt1013752,movie,Fast & Furious,Fast & Furious,0,2009,\N,107,"Action,Crime,Thriller",6.5,281989.0
tt0096969,movie,Born on the Fourth of July,Born on the Fourth of July,0,1989,\N,145,"Biography,Drama,War",7.2,104751.0
tt0430922,movie,Role Models,Role Models,0,2008,\N,99,Comedy,6.8,229110.0
tt4218572,movie,Widows,Widows,0,2018,\N,129,"Crime,Drama,Thriller",6.9,95776.0
tt1034389,movie,The Eagle,The Eagle,0,2011,\N,114,"Action,Adventure,Drama",6.2,69482.0
tt3882082,movie,The Boy,The Boy,0,2016,\N,97,"Horror,Mystery,Thriller",6.0,89227.0
tt0330793,movie,The Punisher,The Punisher,0,2004,\N,124,"Action,Crime,Drama",6.4,158496.0
tt0089530,movie,Mad Max Beyond Thunderdome,Mad Max Beyond Thunderdome,0,1985,\N,107,"Action,Adventure,Sci-Fi",6.2,134733.0
tt0244244,movie,Swordfish,Swordfish,0,2001,\N,99,"Action,Crime,Thriller",6.5,185391.0
tt1679335,movie,Trolls,Trolls,0,2016,\N,92,"Adventure,Animation,Comedy",6.4,79997.0
tt3322940,movie,Annabelle,Annabelle,0,2014,\N,99,"Horror,Mystery,Thriller",5.4,155300.0
tt2562232,movie,Birdman or (The Unexpected Virtue of Ignorance),Birdman or (The Unexpected Virtue of Ignorance),0,2014,\N,119,"Comedy,Drama",7.7,617109.0
tt6966692,movie,Green Book,Green Book,0,2018,\N,130,"Biography,Comedy,Drama",8.2,462165.0
tt0134847,movie,Pitch Black,Pitch Black,0,2000,\N,109,"Action,Horror,Sci-Fi",7.1,236384.0
tt0115734,movie,Bottle Rocket,Bottle Rocket,0,1996,\N,91,"Comedy,Crime,Drama",6.9,75746.0
tt0158983,movie,"South Park: Bigger, Longer & Uncut","South Park: Bigger, Longer & Uncut",0,1999,\N,81,"Animation,Comedy,Fantasy",7.7,202097.0
tt0320661,movie,Kingdom of Heaven,Kingdom of Heaven,0,2005,\N,144,"Action,Adventure,Drama",7.2,283177.0
tt1547234,movie,Premium Rush,Premium Rush,0,2012,\N,91,"Action,Crime,Thriller",6.5,113407.0
tt1323045,movie,Frozen,Frozen,0,2010,\N,93,"Adventure,Drama,Thriller",6.1,72627.0
tt0120655,movie,Dogma,Dogma,0,1999,\N,130,"Adventure,Comedy,Drama",7.3,215690.0
tt0286106,movie,Signs,Signs,0,2002,\N,106,"Drama,Mystery,Sci-Fi",6.8,356585.0
tt0218967,movie,The Family Man,The Family Man,0,2000,\N,125,"Comedy,Drama,Fantasy",6.8,109519.0
tt0119349,movie,The Ice Storm,The Ice Storm,0,1997,\N,112,Drama,7.4,55943.0
tt2245084,movie,Big Hero 6,Big Hero 6,0,2014,\N,102,"Action,Adventure,Animation",7.8,446985.0
tt0086006,movie,Never Say Never Again,Never Say Never Again,0,1983,\N,134,"Action,Adventure,Thriller",6.1,67067.0
tt0111301,movie,Street Fighter,Street Fighter,0,1994,\N,102,"Action,Adventure,Comedy",4.0,70817.0
tt0364725,movie,Dodgeball: A True Underdog Story,Dodgeball: A True Underdog Story,0,2004,\N,92,"Comedy,Sport",6.7,244228.0
tt11003218,movie,Pig,Pig,0,2021,\N,92,"Drama,Mystery,Thriller",6.9,63565.0
tt0265086,movie,Black Hawk Down,Black Hawk Down,0,2001,\N,144,"Action,Drama,History",7.7,388405.0
tt0119051,movie,The Edge,The Edge,0,1997,\N,117,"Action,Adventure,Drama",6.9,72907.0
tt1877830,movie,The Batman,The Batman,0,2022,\N,176,"Action,Crime,Drama",8.1,417547.0
tt1564585,movie,Skyline,Skyline,0,2010,\N,92,"Action,Sci-Fi,Thriller",4.5,89550.0
tt1931533,movie,Seven Psychopaths,Seven Psychopaths,0,2012,\N,110,"Comedy,Crime",7.1,253672.0
tt8721424,movie,"tick, tick... BOOM!","tick, tick...BOOM!",0,2021,\N,120,"Biography,Drama,Musical",7.5,95355.0
tt3960412,movie,Popstar: Never Stop Never Stopping,Popstar: Never Stop Never Stopping,0,2016,\N,87,"Comedy,Drama,Musical",6.7,60204.0
tt0055031,movie,Judgment at Nuremberg,Judgment at Nuremberg,0,1961,\N,179,"Drama,War",8.3,76127.0
tt0103855,movie,The Bodyguard,The Bodyguard,0,1992,\N,129,"Action,Drama,Music",6.3,131535.0
tt0450259,movie,Blood Diamond,Blood Diamond,0,2006,\N,143,"Adventure,Drama,Thriller",8.0,536145.0
tt0266489,movie,Duplex,Duplex,0,2003,\N,89,Comedy,5.9,57713.0
tt4555426,movie,Darkest Hour,Darkest Hour,0,2017,\N,125,"Biography,Drama,War",7.4,195763.0
tt3554046,movie,Space Jam: A New Legacy,Space Jam: A New Legacy,0,2021,\N,115,"Adventure,Animation,Comedy",4.4,67798.0
tt0045152,movie,Singin' in the Rain,Singin' in the Rain,0,1952,\N,103,"Comedy,Musical,Romance",8.3,236571.0
tt0980970,movie,The Chronicles of Narnia: The Voyage of the Dawn Treader,The Chronicles of Narnia: The Voyage of the Dawn Treader,0,2010,\N,113,"Adventure,Family,Fantasy",6.3,151834.0
tt0116213,movie,Eraser,Eraser,0,1996,\N,115,"Action,Crime,Thriller",6.1,109699.0
tt1528854,movie,Daddy's Home,Daddy's Home,0,2015,\N,96,"Comedy,Family",6.1,118056.0
tt0376994,movie,X-Men: The Last Stand,X-Men: The Last Stand,0,2006,\N,104,"Action,Adventure,Sci-Fi",6.6,507677.0
tt0443274,movie,Vantage Point,Vantage Point,0,2008,\N,90,"Action,Crime,Drama",6.6,149558.0
tt0114069,movie,Outbreak,Outbreak,0,1995,\N,127,"Action,Drama,Thriller",6.6,128004.0
tt0369735,movie,Monster-in-Law,Monster-in-Law,0,2005,\N,101,"Comedy,Romance",5.5,60652.0
tt1655442,movie,The Artist,The Artist,0,2011,\N,100,"Comedy,Drama,Romance",7.9,239570.0
tt1583421,movie,G.I. Joe: Retaliation,G.I. Joe: Retaliation,0,2013,\N,110,"Action,Adventure,Sci-Fi",5.7,180427.0
tt0107290,movie,Jurassic Park,Jurassic Park,0,1993,\N,127,"Action,Adventure,Sci-Fi",8.2,943314.0
tt0120338,movie,Titanic,Titanic,0,1997,\N,194,"Drama,Romance",7.9,1131722.0
tt0113627,movie,Leaving Las Vegas,Leaving Las Vegas,0,1995,\N,111,"Drama,Romance",7.5,122499.0
tt0015864,movie,The Gold Rush,The Gold Rush,0,1925,\N,95,"Adventure,Comedy,Drama",8.2,109575.0
tt0433035,movie,Real Steel,Real Steel,0,2011,\N,127,"Action,Drama,Sci-Fi",7.0,320916.0
tt1470827,movie,Monsters,Monsters,0,2010,\N,94,"Adventure,Drama,Romance",6.4,91757.0
tt0375154,movie,Tristan + Isolde,Tristan + Isolde,0,2006,\N,125,"Action,Drama,Romance",6.8,52231.0
tt1731141,movie,Ender's Game,Ender's Game,0,2013,\N,114,"Action,Adventure,Sci-Fi",6.6,237133.0
tt1486834,movie,What If,The F Word,0,2013,\N,98,"Comedy,Romance",6.8,76693.0
tt3783958,movie,La La Land,La La Land,0,2016,\N,128,"Comedy,Drama,Music",8.0,563780.0
tt1352824,movie,Chloe,Chloe,0,2009,\N,96,"Drama,Mystery,Romance",6.3,72938.0
tt0095631,movie,Midnight Run,Midnight Run,0,1988,\N,126,"Action,Comedy,Crime",7.5,84712.0
tt1029360,movie,Poltergeist,Poltergeist,0,2015,\N,93,"Horror,Thriller",4.9,57811.0
tt0455944,movie,The Equalizer,The Equalizer,0,2014,\N,132,"Action,Crime,Thriller",7.2,362505.0
tt0116922,movie,Lost Highway,Lost Highway,0,1997,\N,134,"Mystery,Thriller",7.6,139838.0
tt2557478,movie,Pacific Rim: Uprising,Pacific Rim: Uprising,0,2018,\N,111,"Action,Adventure,Sci-Fi",5.6,115104.0
tt9484998,movie,Palm Springs,Palm Springs,0,2020,\N,90,"Comedy,Fantasy,Mystery",7.4,148301.0
tt5323662,movie,A Silent Voice: The Movie,Koe no katachi,0,2016,\N,130,"Animation,Drama",8.1,74698.0
tt0407304,movie,War of the Worlds,War of the Worlds,0,2005,\N,116,"Action,Adventure,Sci-Fi",6.5,438769.0
tt1343097,movie,The Girl Who Kicked the Hornet's Nest,Luftslottet som sprängdes,0,2009,\N,147,"Crime,Drama,Thriller",7.3,71364.0
tt0091790,movie,Pretty in Pink,Pretty in Pink,0,1986,\N,97,"Comedy,Drama,Romance",6.7,80082.0
tt1156398,movie,Zombieland,Zombieland,0,2009,\N,88,"Action,Comedy,Horror",7.6,559424.0
tt0182789,movie,Bicentennial Man,Bicentennial Man,0,1999,\N,132,"Comedy,Drama,Sci-Fi",6.9,116134.0
tt0099365,movie,Darkman,Darkman,0,1990,\N,96,"Action,Sci-Fi,Thriller",6.4,63377.0
tt0929632,movie,Precious,Precious,0,2009,\N,110,Drama,7.3,109904.0
tt0025316,movie,It Happened One Night,It Happened One Night,0,1934,\N,105,"Comedy,Romance",8.1,102059.0
tt2582846,movie,The Fault in Our Stars,The Fault in Our Stars,0,2014,\N,126,"Drama,Romance",7.7,368239.0
tt1587707,movie,Exit Through the Gift Shop,Exit Through the Gift Shop,0,2010,\N,87,"Comedy,Crime,Documentary",8.0,65896.0
tt0411061,movie,88 Minutes,88 Minutes,0,2007,\N,108,"Crime,Drama,Mystery",5.9,76034.0
tt0089767,movie,Pale Rider,Pale Rider,0,1985,\N,115,"Drama,Western",7.3,58483.0
tt0133240,movie,Treasure Planet,Treasure Planet,0,2002,\N,95,"Adventure,Animation,Family",7.1,114537.0
tt1375670,movie,Grown Ups,Grown Ups,0,2010,\N,102,Comedy,5.9,246807.0
tt0130018,movie,I Still Know What You Did Last Summer,I Still Know What You Did Last Summer,0,1998,\N,100,"Horror,Mystery",4.7,73249.0
tt0055630,movie,Yojimbo,Yôjinbô,0,1961,\N,110,"Action,Drama,Thriller",8.2,120634.0
tt0119137,movie,Flubber,Flubber,0,1997,\N,93,"Comedy,Family,Sci-Fi",5.3,88768.0
tt0230011,movie,Atlantis: The Lost Empire,Atlantis: The Lost Empire,0,2001,\N,95,"Action,Adventure,Animation",6.9,115912.0
tt1935179,movie,Mud,Mud,0,2012,\N,130,Drama,7.4,177679.0
tt8637428,movie,The Farewell,The Farewell,0,2019,\N,100,"Comedy,Drama",7.5,62015.0
tt0116583,movie,The Hunchback of Notre Dame,The Hunchback of Notre Dame,0,1996,\N,91,"Animation,Drama,Family",7.0,153753.0
tt0110322,movie,Legends of the Fall,Legends of the Fall,0,1994,\N,133,"Drama,Romance,War",7.5,161831.0
tt0138749,movie,The Road to El Dorado,The Road to El Dorado,0,2000,\N,89,"Adventure,Animation,Comedy",6.9,93886.0
tt4765284,movie,Pitch Perfect 3,Pitch Perfect 3,0,2017,\N,93,"Comedy,Music",5.8,62759.0
tt1023111,movie,Never Back Down,Never Back Down,0,2008,\N,113,"Action,Drama,Sport",6.5,100534.0
tt0142688,movie,The Ninth Gate,The Ninth Gate,0,1999,\N,133,"Mystery,Thriller",6.7,178730.0
tt2848292,movie,Pitch Perfect 2,Pitch Perfect 2,0,2015,\N,115,"Comedy,Music",6.4,153979.0
tt5140878,movie,Annabelle: Creation,Annabelle: Creation,0,2017,\N,109,"Horror,Mystery,Thriller",6.5,129582.0
tt0286112,movie,Shaolin Soccer,Siu Lam juk kau,0,2001,\N,113,"Action,Comedy,Fantasy",7.3,79174.0
tt0110216,movie,Junior,Junior,0,1994,\N,109,"Comedy,Romance,Sci-Fi",4.7,68524.0
tt1007028,movie,Zack and Miri Make a Porno,Zack and Miri Make a Porno,0,2008,\N,101,"Comedy,Romance",6.5,176807.0
tt0844471,movie,Cloudy with a Chance of Meatballs,Cloudy with a Chance of Meatballs,0,2009,\N,90,"Adventure,Animation,Comedy",6.9,225706.0
tt0061184,movie,Who's Afraid of Virginia Woolf?,Who's Afraid of Virginia Woolf?,0,1966,\N,131,Drama,8.0,74340.0
tt0120461,movie,Volcano,Volcano,0,1997,\N,104,"Action,Drama,Sci-Fi",5.5,75904.0
tt0368709,movie,Elizabethtown,Elizabethtown,0,2005,\N,123,"Comedy,Drama,Romance",6.3,69921.0
tt0232500,movie,The Fast and the Furious,The Fast and the Furious,0,2001,\N,106,"Action,Crime,Thriller",6.8,377503.0
tt0094721,movie,Beetlejuice,Beetle Juice,0,1988,\N,92,"Comedy,Fantasy",7.5,290560.0
tt1783232,movie,Conquest 1453,Fetih 1453,0,2012,\N,162,"Action,Drama,History",6.5,58014.0
tt1029234,movie,Martyrs,Martyrs,0,2008,\N,99,Horror,7.0,91652.0
tt0114787,movie,Underground,Underground,0,1995,\N,170,"Comedy,Drama,Fantasy",8.1,57964.0
tt1592525,movie,Lockout,Lockout,0,2012,\N,95,"Action,Sci-Fi,Thriller",6.0,98034.0
tt1179034,movie,From Paris with Love,From Paris with Love,0,2010,\N,92,"Action,Crime,Thriller",6.4,116614.0
tt1174732,movie,An Education,An Education,0,2009,\N,100,Drama,7.3,133071.0
tt0071877,movie,Murder on the Orient Express,Murder on the Orient Express,0,1974,\N,128,"Crime,Drama,Mystery",7.3,61479.0
tt1291584,movie,Warrior,Warrior,0,2011,\N,140,"Action,Drama,Sport",8.2,462690.0
tt0088286,movie,Top Secret!,Top Secret!,0,1984,\N,90,"Comedy,Crime,Music",7.2,65413.0
tt0481369,movie,The Number 23,The Number 23,0,2007,\N,98,"Crime,Mystery,Thriller",6.4,200855.0
tt0212338,movie,Meet the Parents,Meet the Parents,0,2000,\N,108,"Comedy,Romance",7.0,329222.0
tt0369339,movie,Collateral,Collateral,0,2004,\N,120,"Action,Crime,Drama",7.5,389576.0
tt1270797,movie,Venom,Venom,0,2018,\N,112,"Action,Adventure,Sci-Fi",6.6,463796.0
tt0264395,movie,Basic,Basic,0,2003,\N,98,"Action,Crime,Drama",6.4,62594.0
tt0318462,movie,The Motorcycle Diaries,Diarios de motocicleta,0,2004,\N,126,"Adventure,Biography,Drama",7.8,100529.0
tt7069210,movie,The Conjuring: The Devil Made Me Do It,The Conjuring: The Devil Made Me Do It,0,2021,\N,112,"Horror,Mystery,Thriller",6.3,105987.0
tt0068473,movie,Deliverance,Deliverance,0,1972,\N,109,"Adventure,Drama,Thriller",7.7,106642.0
tt0118715,movie,The Big Lebowski,The Big Lebowski,0,1998,\N,117,"Comedy,Crime",8.1,789156.0
tt5463162,movie,Deadpool 2,Deadpool 2,0,2018,\N,119,"Action,Adventure,Comedy",7.7,551444.0
tt0211443,movie,Jason X,Jason X,0,2001,\N,92,"Action,Horror,Sci-Fi",4.4,55479.0
tt1306980,movie,50/50,50/50,0,2011,\N,100,"Comedy,Drama,Romance",7.6,327052.0
tt1921064,movie,Pompeii,Pompeii,0,2014,\N,105,"Action,Adventure,Drama",5.5,110679.0
tt9100054,movie,The Lost Daughter,The Lost Daughter,0,2021,\N,121,Drama,6.7,56070.0
tt0800308,movie,Appaloosa,Appaloosa,0,2008,\N,115,"Action,Crime,Drama",6.7,60945.0
tt5186714,movie,The Salesman,Forushande,0,2016,\N,124,Drama,7.7,59569.0
tt1935859,movie,Miss Peregrine's Home for Peculiar Children,Miss Peregrine's Home for Peculiar Children,0,2016,\N,127,"Adventure,Drama,Family",6.7,168461.0
tt0098084,movie,Pet Sematary,Pet Sematary,0,1989,\N,103,"Fantasy,Horror,Thriller",6.5,102142.0
tt6802400,movie,Coming 2 America,Coming 2 America,0,2021,\N,110,Comedy,5.3,67727.0
tt3532216,movie,American Made,American Made,0,2017,\N,115,"Action,Comedy,Crime",7.1,174366.0
tt1204342,movie,The Muppets,The Muppets,0,2011,\N,120,"Adventure,Comedy,Family",7.1,91656.0
tt0093010,movie,Fatal Attraction,Fatal Attraction,0,1987,\N,119,"Drama,Thriller",6.9,84465.0
tt2758880,movie,Winter Sleep,Kis Uykusu,0,2014,\N,196,Drama,8.1,51021.0
tt6823368,movie,Glass,Glass,0,2019,\N,129,"Drama,Horror,Sci-Fi",6.6,234662.0
tt0115751,movie,Breaking the Waves,Breaking the Waves,0,1996,\N,159,Drama,7.8,66133.0
tt0815236,movie,She's Out of My League,She's Out of My League,0,2010,\N,104,"Comedy,Romance",6.4,136037.0
tt0117951,movie,Trainspotting,Trainspotting,0,1996,\N,93,Drama,8.1,672830.0
tt1182345,movie,Moon,Moon,0,2009,\N,97,"Drama,Mystery,Sci-Fi",7.8,353426.0
tt0332280,movie,The Notebook,The Notebook,0,2004,\N,123,"Drama,Romance",7.8,557310.0
tt0228333,movie,Ghosts of Mars,Ghosts of Mars,0,2001,\N,98,"Action,Horror,Sci-Fi",4.9,54282.0
tt0401997,movie,Breach,Breach,0,2007,\N,110,"Biography,Crime,Drama",7.0,59663.0
tt1727388,movie,The Way Way Back,The Way Way Back,0,2013,\N,103,"Comedy,Drama",7.4,148111.0
tt0472062,movie,Charlie Wilson's War,Charlie Wilson's War,0,2007,\N,102,"Biography,Comedy,Drama",7.0,117168.0
tt1904996,movie,Parker,Parker,0,2013,\N,118,"Action,Crime,Thriller",6.2,121757.0
tt0120184,movie,Sphere,Sphere,0,1998,\N,134,"Action,Mystery,Sci-Fi",6.1,105752.0
tt4465564,movie,Fifty Shades Darker,Fifty Shades Darker,0,2017,\N,118,"Drama,Romance",4.5,100271.0
tt5109280,movie,Raya and the Last Dragon,Raya and the Last Dragon,0,2021,\N,107,"Action,Adventure,Animation",7.3,141546.0
tt1535109,movie,Captain Phillips,Captain Phillips,0,2013,\N,134,"Action,Biography,Crime",7.8,450266.0
tt0887883,movie,Burn After Reading,Burn After Reading,0,2008,\N,96,"Comedy,Crime,Drama",7.0,327500.0
tt1137450,movie,Death Wish,Death Wish,0,2018,\N,107,"Action,Crime,Drama",6.3,71311.0
tt0378109,movie,Into the Blue,Into the Blue,0,2005,\N,110,"Action,Adventure,Crime",5.9,76133.0
tt0245803,movie,Bulletproof Monk,Bulletproof Monk,0,2003,\N,104,"Action,Comedy,Fantasy",5.4,50251.0
tt0233469,movie,Collateral Damage,Collateral Damage,0,2002,\N,108,"Action,Drama,Thriller",5.5,74645.0
tt0462499,movie,Rambo,Rambo,0,2008,\N,92,"Action,Adventure,Thriller",7.0,228408.0
tt7846844,movie,Enola Holmes,Enola Holmes,0,2020,\N,123,"Action,Adventure,Crime",6.6,160629.0
tt0358273,movie,Walk the Line,Walk the Line,0,2005,\N,136,"Biography,Drama,Music",7.8,247209.0
tt0418455,movie,Adam's Apples,Adams æbler,0,2005,\N,94,"Comedy,Crime,Drama",7.7,50111.0
tt1981677,movie,Pitch Perfect,Pitch Perfect,0,2012,\N,112,"Comedy,Music,Romance",7.1,299355.0
tt2869728,movie,Ride Along 2,Ride Along 2,0,2016,\N,102,"Action,Comedy,Crime",5.8,57968.0
tt0382625,movie,The Da Vinci Code,The Da Vinci Code,0,2006,\N,149,"Mystery,Thriller",6.6,425094.0
tt2361317,movie,Live by Night,Live by Night,0,2016,\N,129,"Action,Thriller",6.4,56662.0
tt0086066,movie,The Outsiders,The Outsiders,0,1983,\N,91,"Crime,Drama",7.1,84022.0
tt2274648,movie,Hellboy,Hellboy,0,2019,\N,120,"Action,Adventure,Fantasy",5.2,87623.0
tt0120586,movie,American History X,American History X,0,1998,\N,119,Drama,8.5,1094675.0
tt0281358,movie,A Walk to Remember,A Walk to Remember,0,2002,\N,101,"Drama,Romance",7.3,208662.0
tt1262416,movie,Scream 4,Scream 4,0,2011,\N,111,"Horror,Mystery",6.2,145952.0
tt0349903,movie,Ocean's Twelve,Ocean's Twelve,0,2004,\N,125,"Crime,Thriller",6.4,382432.0
tt0257076,movie,S.W.A.T.,S.W.A.T.,0,2003,\N,117,"Action,Adventure,Crime",6.0,145969.0
tt0067185,movie,Harold and Maude,Harold and Maude,0,1971,\N,91,"Comedy,Drama,Romance",7.9,76510.0
tt0374546,movie,"Spring, Summer, Fall, Winter... and Spring",Bom yeoreum gaeul gyeoul geurigo bom,0,2003,\N,103,"Drama,Romance",8.0,82045.0
tt0050976,movie,The Seventh Seal,Det sjunde inseglet,0,1957,\N,96,"Drama,Fantasy",8.1,181496.0
tt5719748,movie,Cold Pursuit,Cold Pursuit,0,2019,\N,119,"Action,Comedy,Crime",6.2,67605.0
tt0120784,movie,Payback,Payback,0,1999,\N,100,"Action,Crime,Drama",7.1,137645.0
tt0046268,movie,The Wages of Fear,Le salaire de la peur,0,1953,\N,131,"Adventure,Drama,Thriller",8.2,59940.0
tt0381707,movie,White Chicks,White Chicks,0,2004,\N,109,"Comedy,Crime",5.7,141957.0
tt0053125,movie,North by Northwest,North by Northwest,0,1959,\N,136,"Adventure,Mystery,Thriller",8.3,321102.0
tt8097030,movie,Turning Red,Turning Red,0,2022,\N,100,"Adventure,Animation,Comedy",7.0,84753.0
tt0790628,movie,The Incredible Burt Wonderstone,The Incredible Burt Wonderstone,0,2013,\N,100,Comedy,5.9,73201.0
tt0373926,movie,The Interpreter,The Interpreter,0,2005,\N,128,"Crime,Mystery,Thriller",6.4,105763.0
tt2101341,movie,Dead Man Down,Dead Man Down,0,2013,\N,118,"Action,Crime,Drama",6.4,67621.0
tt0302640,movie,The Hot Chick,The Hot Chick,0,2002,\N,104,"Comedy,Fantasy",5.5,94724.0
tt5362988,movie,Wind River,Wind River,0,2017,\N,107,"Crime,Drama,Mystery",7.7,242479.0
tt1250777,movie,Kick-Ass,Kick-Ass,0,2010,\N,117,"Action,Comedy,Crime",7.6,552490.0
tt0093894,movie,The Running Man,The Running Man,0,1987,\N,101,"Action,Sci-Fi,Thriller",6.6,150783.0
tt0059742,movie,The Sound of Music,The Sound of Music,0,1965,\N,172,"Biography,Drama,Family",8.1,225706.0
tt3316960,movie,Still Alice,Still Alice,0,2014,\N,101,Drama,7.5,133221.0
tt0464154,movie,Piranha 3D,Piranha 3D,0,2010,\N,88,"Comedy,Horror",5.5,89716.0
tt1979388,movie,The Good Dinosaur,The Good Dinosaur,0,2015,\N,93,"Adventure,Animation,Comedy",6.7,112876.0
tt0331632,movie,Scooby-Doo 2: Monsters Unleashed,Scooby-Doo 2: Monsters Unleashed,0,2004,\N,93,"Adventure,Comedy,Family",5.1,55936.0
tt1980929,movie,Begin Again,Begin Again,0,2013,\N,104,"Comedy,Drama,Music",7.4,153976.0
tt0090329,movie,Witness,Witness,0,1985,\N,112,"Drama,Romance,Thriller",7.4,93450.0
tt1478338,movie,Bridesmaids,Bridesmaids,0,2011,\N,125,"Comedy,Romance",6.8,287341.0
tt0097757,movie,The Little Mermaid,The Little Mermaid,0,1989,\N,83,"Adventure,Animation,Comedy",7.6,255266.0
tt0397101,movie,The Skeleton Key,The Skeleton Key,0,2005,\N,104,"Drama,Horror,Mystery",6.5,112905.0
tt0259446,movie,My Big Fat Greek Wedding,My Big Fat Greek Wedding,0,2002,\N,95,"Comedy,Drama,Romance",6.6,129253.0
tt0449088,movie,Pirates of the Caribbean: At World's End,Pirates of the Caribbean: At World's End,0,2007,\N,169,"Action,Adventure,Fantasy",7.1,632103.0
tt0362120,movie,Scary Movie 4,Scary Movie 4,0,2006,\N,83,Comedy,5.1,120040.0
tt2463208,movie,The Adam Project,The Adam Project,0,2022,\N,106,"Action,Adventure,Comedy",6.7,148053.0
tt0083658,movie,Blade Runner,Blade Runner,0,1982,\N,117,"Action,Drama,Sci-Fi",8.1,747434.0
tt0118615,movie,Anaconda,Anaconda,0,1997,\N,89,"Action,Adventure,Horror",4.8,103391.0
tt0119164,movie,The Full Monty,The Full Monty,0,1997,\N,91,"Comedy,Drama",7.2,105297.0
tt0096764,movie,The Adventures of Baron Munchausen,The Adventures of Baron Munchausen,0,1988,\N,126,"Adventure,Comedy,Fantasy",7.1,53140.0
tt0094898,movie,Coming to America,Coming to America,0,1988,\N,117,"Comedy,Romance",7.1,204494.0
tt0324554,movie,Wicker Park,Wicker Park,0,2004,\N,114,"Drama,Mystery,Romance",6.9,55897.0
tt2369135,movie,Need for Speed,Need for Speed,0,2014,\N,132,"Action,Crime,Thriller",6.4,169252.0
tt0074119,movie,All the President's Men,All the President's Men,0,1976,\N,138,"Drama,History,Thriller",7.9,113157.0
tt1670345,movie,Now You See Me,Now You See Me,0,2013,\N,115,"Crime,Mystery,Thriller",7.2,641394.0
tt1179056,movie,A Nightmare on Elm Street,A Nightmare on Elm Street,0,2010,\N,95,"Crime,Drama,Horror",5.2,99080.0
tt0268978,movie,A Beautiful Mind,A Beautiful Mind,0,2001,\N,135,"Biography,Drama",8.2,908773.0
tt7752126,movie,Brightburn,Brightburn,0,2019,\N,90,"Drama,Horror,Mystery",6.1,94297.0
tt1288558,movie,Evil Dead,Evil Dead,0,2013,\N,91,Horror,6.4,167683.0
tt2967224,movie,Hot Pursuit,Hot Pursuit,0,2015,\N,87,"Action,Comedy,Crime",5.1,51031.0
tt0047478,movie,Seven Samurai,Shichinin no samurai,0,1954,\N,207,"Action,Drama",8.6,338412.0
tt1506999,movie,Haywire,Haywire,0,2011,\N,93,"Action,Drama,Thriller",5.8,86599.0
tt0308644,movie,Finding Neverland,Finding Neverland,0,2004,\N,106,"Biography,Drama,Family",7.7,204627.0
tt1702439,movie,Safe Haven,Safe Haven,0,2013,\N,115,"Drama,Romance,Thriller",6.6,109917.0
tt0198781,movie,"Monsters, Inc.","Monsters, Inc.",0,2001,\N,92,"Adventure,Animation,Comedy",8.1,881226.0
tt0808279,movie,Funny Games,Funny Games,0,2007,\N,111,"Crime,Drama,Thriller",6.5,96012.0
tt0993842,movie,Hanna,Hanna,0,2011,\N,111,"Action,Adventure,Drama",6.8,197534.0
tt1258197,movie,Exam,Exam,0,2009,\N,101,"Mystery,Thriller",6.8,113301.0
tt0277027,movie,I Am Sam,I Am Sam,0,2001,\N,132,Drama,7.6,149050.0
tt1924396,movie,The Best Offer,La migliore offerta,0,2013,\N,131,"Crime,Drama,Mystery",7.8,116964.0
tt0892782,movie,Monsters vs. Aliens,Monsters vs. Aliens,0,2009,\N,94,"Action,Adventure,Animation",6.4,158950.0
tt0079470,movie,Life of Brian,Life of Brian,0,1979,\N,94,Comedy,8.0,392231.0
tt0486822,movie,Disturbia,Disturbia,0,2007,\N,105,"Crime,Drama,Mystery",6.8,233111.0
tt2193215,movie,The Counselor,The Counselor,0,2013,\N,117,"Crime,Drama,Thriller",5.4,100387.0
tt2013293,movie,The Wind Rises,Kaze tachinu,0,2013,\N,126,"Animation,Biography,Drama",7.7,83026.0
tt4209788,movie,Molly's Game,Molly's Game,0,2017,\N,140,"Biography,Crime,Drama",7.4,165640.0
tt1086772,movie,Blended,Blended,0,2014,\N,117,"Comedy,Romance",6.5,129884.0
tt11245972,movie,Scream,Scream,0,2022,\N,114,"Horror,Mystery,Thriller",6.4,85155.0
tt1280558,movie,A Wednesday,A Wednesday,0,2008,\N,104,"Action,Crime,Drama",8.1,77889.0
tt0120755,movie,Mission: Impossible II,Mission: Impossible II,0,2000,\N,123,"Action,Adventure,Thriller",6.1,333950.0
tt0265666,movie,The Royal Tenenbaums,The Royal Tenenbaums,0,2001,\N,110,"Comedy,Drama",7.6,287128.0
tt0029843,movie,The Adventures of Robin Hood,The Adventures of Robin Hood,0,1938,\N,102,"Action,Adventure,Romance",7.9,50560.0
tt0975645,movie,Hitchcock,Hitchcock,0,2012,\N,98,"Biography,Drama,Romance",6.8,75548.0
tt0309593,movie,Final Destination 2,Final Destination 2,0,2003,\N,90,"Horror,Thriller",6.2,163473.0
tt0328589,movie,Under the Tuscan Sun,Under the Tuscan Sun,0,2003,\N,113,"Comedy,Drama,Romance",6.7,52022.0
tt0340163,movie,Hostage,Hostage,0,2005,\N,113,"Action,Crime,Drama",6.5,110107.0
tt0105665,movie,Twin Peaks: Fire Walk with Me,Twin Peaks: Fire Walk with Me,0,1992,\N,134,"Drama,Horror,Mystery",7.2,95272.0
tt0121765,movie,Star Wars: Episode II - Attack of the Clones,Star Wars: Episode II - Attack of the Clones,0,2002,\N,142,"Action,Adventure,Fantasy",6.6,687436.0
tt0079574,movie,Moonraker,Moonraker,0,1979,\N,126,"Action,Adventure,Sci-Fi",6.2,99127.0
tt0082085,movie,Blow Out,Blow Out,0,1981,\N,108,"Crime,Drama,Mystery",7.4,51305.0
tt0395584,movie,The Devil's Rejects,The Devil's Rejects,0,2005,\N,107,"Crime,Horror,Western",6.7,98694.0
tt0389557,movie,Black Book,Zwartboek,0,2006,\N,145,"Drama,Thriller,War",7.7,76283.0
tt0107688,movie,The Nightmare Before Christmas,The Nightmare Before Christmas,0,1993,\N,76,"Animation,Family,Fantasy",7.9,326142.0
tt1172049,movie,Demolition,Demolition,0,2015,\N,101,"Comedy,Drama",7.0,98097.0
tt0328828,movie,American Wedding,American Wedding,0,2003,\N,96,Comedy,6.3,203828.0
tt2239822,movie,Valerian and the City of a Thousand Planets,Valerian and the City of a Thousand Planets,0,2017,\N,136,"Action,Adventure,Fantasy",6.4,177703.0
tt0391198,movie,The Grudge,The Grudge,0,2004,\N,91,"Horror,Mystery,Thriller",5.9,143689.0
tt0480242,movie,Dan in Real Life,Dan in Real Life,0,2007,\N,98,"Comedy,Drama,Romance",6.8,102179.0
tt2177771,movie,The Monuments Men,The Monuments Men,0,2014,\N,118,"Comedy,Drama,History",6.1,130816.0
tt0116669,movie,Jack,Jack,0,1996,\N,113,"Comedy,Drama,Fantasy",5.8,60279.0
tt0117500,movie,The Rock,The Rock,0,1996,\N,136,"Action,Adventure,Thriller",7.4,332400.0
tt1409024,movie,Men in Black 3,Men in Black 3,0,2012,\N,106,"Action,Adventure,Comedy",6.8,355507.0
tt2333784,movie,The Expendables 3,The Expendables 3,0,2014,\N,126,"Action,Adventure,Thriller",6.1,179740.0
tt0264616,movie,Frailty,Frailty,0,2001,\N,100,"Crime,Drama,Thriller",7.2,83003.0
tt0435651,movie,The Giver,The Giver,0,2014,\N,97,"Drama,Romance,Sci-Fi",6.4,118017.0
tt0070034,movie,Enter the Dragon,Enter the Dragon,0,1973,\N,102,"Action,Crime,Drama",7.6,103132.0
tt1454468,movie,Gravity,Gravity,0,2013,\N,91,"Action,Drama,Sci-Fi",7.7,810866.0
tt1205537,movie,Jack Ryan: Shadow Recruit,Jack Ryan: Shadow Recruit,0,2014,\N,105,"Action,Drama,Thriller",6.2,130361.0
tt4547056,movie,The Girl with All the Gifts,The Girl with All the Gifts,0,2016,\N,111,"Action,Adventure,Drama",6.6,59054.0
tt0146984,movie,The Legend of Bagger Vance,The Legend of Bagger Vance,0,2000,\N,126,"Drama,Fantasy,Sport",6.7,56724.0
tt2948356,movie,Zootopia,Zootopia,0,2016,\N,108,"Adventure,Animation,Comedy",8.0,480474.0
tt0265029,movie,America's Sweethearts,America's Sweethearts,0,2001,\N,102,"Comedy,Romance",5.7,57668.0
tt2870612,movie,"As Above, So Below","As Above, So Below",0,2014,\N,93,"Horror,Mystery,Thriller",6.2,89819.0
tt0047528,movie,The Road,La strada,0,1954,\N,108,Drama,8.0,62437.0
tt3967856,movie,Okja,Okja,0,2017,\N,120,"Action,Adventure,Drama",7.3,117905.0
tt1638355,movie,The Man from U.N.C.L.E.,The Man from U.N.C.L.E.,0,2015,\N,116,"Action,Adventure,Comedy",7.2,300743.0
tt1386697,movie,Suicide Squad,Suicide Squad,0,2016,\N,123,"Action,Adventure,Fantasy",5.9,671266.0
tt1528100,movie,Exodus: Gods and Kings,Exodus: Gods and Kings,0,2014,\N,150,"Action,Adventure,Drama",6.0,167095.0
tt1041829,movie,The Proposal,The Proposal,0,2009,\N,108,"Comedy,Drama,Romance",6.7,320608.0
tt2953050,movie,Encanto,Encanto,0,2021,\N,102,"Animation,Comedy,Family",7.2,190370.0
tt0110912,movie,Pulp Fiction,Pulp Fiction,0,1994,\N,154,"Crime,Drama",8.9,1979367.0
tt0307479,movie,Solaris,Solaris,0,2002,\N,99,"Drama,Mystery,Romance",6.2,82355.0
tt0445934,movie,Blades of Glory,Blades of Glory,0,2007,\N,93,"Comedy,Sport",6.3,167252.0
tt3464902,movie,The Lobster,The Lobster,0,2015,\N,119,"Comedy,Drama,Romance",7.1,247390.0
tt0084503,movie,Pink Floyd: The Wall,Pink Floyd: The Wall,0,1982,\N,95,"Drama,Fantasy,Music",8.0,80089.0
tt3042408,movie,Who Am I,Who Am I - Kein System ist sicher,0,2014,\N,102,"Crime,Drama,Mystery",7.5,55741.0
tt0257106,movie,Scary Movie 2,Scary Movie 2,0,2001,\N,83,Comedy,5.3,159301.0
tt0110632,movie,Natural Born Killers,Natural Born Killers,0,1994,\N,119,"Action,Crime,Drama",7.2,230410.0
tt0372532,movie,The Wedding Date,The Wedding Date,0,2005,\N,90,"Comedy,Romance",6.1,51786.0
tt8688634,movie,21 Bridges,21 Bridges,0,2019,\N,99,"Action,Thriller",6.6,64115.0
tt0383028,movie,"Synecdoche, New York","Synecdoche, New York",0,2008,\N,124,Drama,7.5,89793.0
tt2357129,movie,Jobs,Jobs,0,2013,\N,128,"Biography,Drama",6.0,97614.0
tt8110330,movie,Dil Bechara,Dil Bechara,0,2020,\N,101,"Comedy,Drama,Romance",8.1,128453.0
tt0780504,movie,Drive,Drive,0,2011,\N,100,"Action,Drama",7.8,616702.0
tt2265398,movie,Drinking Buddies,Drinking Buddies,0,2013,\N,90,"Comedy,Drama,Romance",6.1,58199.0
tt1114740,movie,Paul Blart: Mall Cop,Paul Blart: Mall Cop,0,2009,\N,91,"Action,Comedy,Crime",5.2,109172.0
tt1488606,movie,Triple Frontier,Triple Frontier,0,2019,\N,125,"Action,Adventure,Crime",6.4,124072.0
tt0363988,movie,Secret Window,Secret Window,0,2004,\N,96,"Drama,Mystery,Thriller",6.5,192920.0
tt0481141,movie,No Reservations,No Reservations,0,2007,\N,104,"Comedy,Drama,Romance",6.3,74489.0
tt0058385,movie,My Fair Lady,My Fair Lady,0,1964,\N,170,"Drama,Family,Musical",7.8,94067.0
tt0118689,movie,Bean,Bean,0,1997,\N,89,"Adventure,Comedy,Family",6.5,103470.0
tt7282468,movie,Burning,Beoning,0,2018,\N,148,"Drama,Mystery,Thriller",7.5,61724.0
tt0042876,movie,Rashomon,Rashômon,0,1950,\N,88,"Crime,Drama,Mystery",8.2,165185.0
tt0990407,movie,The Green Hornet,The Green Hornet,0,2011,\N,119,"Action,Comedy,Crime",5.8,159797.0
tt0256415,movie,Sweet Home Alabama,Sweet Home Alabama,0,2002,\N,108,"Comedy,Romance",6.2,111519.0
tt1038686,movie,Legion,Legion,0,2010,\N,100,"Action,Fantasy,Horror",5.2,104220.0
tt11214590,movie,House of Gucci,House of Gucci,0,2021,\N,158,"Crime,Drama",6.6,100511.0
tt0077766,movie,Jaws 2,Jaws 2,0,1978,\N,116,"Adventure,Horror,Thriller",5.8,77059.0
tt1232200,movie,That's My Boy,That's My Boy,0,2012,\N,116,Comedy,5.5,98639.0
tt0029947,movie,Bringing Up Baby,Bringing Up Baby,0,1938,\N,102,Comedy,7.8,60722.0
tt0362227,movie,The Terminal,The Terminal,0,2004,\N,128,"Comedy,Drama,Romance",7.4,446262.0
tt0095016,movie,Die Hard,Die Hard,0,1988,\N,132,"Action,Thriller",8.2,855931.0
tt1490017,movie,The Lego Movie,The Lego Movie,0,2014,\N,100,"Action,Adventure,Animation",7.7,345704.0
tt1971325,movie,Automata,Autómata,0,2014,\N,109,"Action,Drama,Sci-Fi",6.0,56626.0
tt0472033,movie,9,9,0,2009,\N,79,"Action,Adventure,Animation",7.0,138720.0
tt1298644,movie,The Hustle,The Hustle,0,2019,\N,93,"Comedy,Crime",5.4,57501.0
tt0787524,movie,The Man Who Knew Infinity,The Man Who Knew Infinity,0,2015,\N,108,"Biography,Drama",7.2,56310.0
tt3521126,movie,The Disaster Artist,The Disaster Artist,0,2017,\N,104,"Biography,Comedy,Drama",7.3,150496.0
tt0429493,movie,The A-Team,The A-Team,0,2010,\N,117,"Action,Adventure,Thriller",6.7,256637.0
tt1322269,movie,August: Osage County,August: Osage County,0,2013,\N,121,"Comedy,Drama",7.2,89586.0
tt0068646,movie,The Godfather,The Godfather,0,1972,\N,175,"Crime,Drama",9.2,1776069.0
tt0120630,movie,Chicken Run,Chicken Run,0,2000,\N,84,"Adventure,Animation,Comedy",7.1,188179.0
tt1022603,movie,500 Days of Summer,(500) Days of Summer,0,2009,\N,95,"Comedy,Drama,Romance",7.7,502120.0
tt3691740,movie,The BFG,The BFG,0,2016,\N,117,"Adventure,Family,Fantasy",6.3,84600.0
tt0405325,movie,Sky High,Sky High,0,2005,\N,100,"Action,Comedy,Family",6.3,85786.0
tt0089155,movie,Fletch,Fletch,0,1985,\N,98,"Comedy,Crime,Mystery",6.9,51599.0
tt0498380,movie,Letters from Iwo Jima,Letters from Iwo Jima,0,2006,\N,141,"Action,Adventure,Drama",7.9,161115.0
tt0087363,movie,Gremlins,Gremlins,0,1984,\N,106,"Comedy,Fantasy,Horror",7.3,218380.0
tt1764651,movie,The Expendables 2,The Expendables 2,0,2012,\N,103,"Action,Adventure,Thriller",6.6,303916.0
tt1781922,movie,No Escape,No Escape,0,2015,\N,103,"Action,Thriller",6.7,84886.0
tt2250912,movie,Spider-Man: Homecoming,Spider-Man: Homecoming,0,2017,\N,133,"Action,Adventure,Sci-Fi",7.4,625248.0
tt2446980,movie,Joy,Joy,0,2015,\N,124,"Biography,Drama",6.6,135290.0
tt0427229,movie,Failure to Launch,Failure to Launch,0,2006,\N,97,"Comedy,Romance",5.6,79704.0
tt2305051,movie,Wild,Wild,0,2014,\N,115,"Adventure,Biography,Drama",7.1,127848.0
tt0427312,movie,Grizzly Man,Grizzly Man,0,2005,\N,103,"Biography,Documentary",7.8,56810.0
tt0421082,movie,Control,Control,0,2007,\N,122,"Biography,Drama,Music",7.7,64695.0
tt1682180,movie,Stoker,Stoker,0,2013,\N,99,"Drama,Thriller",6.8,107916.0
tt7958736,movie,Ma,Ma,0,2019,\N,99,"Horror,Mystery,Thriller",5.6,52011.0
tt0974015,movie,Justice League,Justice League,0,2017,\N,120,"Action,Adventure,Fantasy",6.1,440868.0
tt0780571,movie,Mr. Brooks,Mr. Brooks,0,2007,\N,120,"Crime,Drama,Thriller",7.3,149714.0
tt0307453,movie,Shark Tale,Shark Tale,0,2004,\N,90,"Adventure,Animation,Comedy",6.0,179408.0
tt5304992,movie,Set It Up,Set It Up,0,2018,\N,105,"Comedy,Romance",6.5,50477.0
tt2229499,movie,Don Jon,Don Jon,0,2013,\N,90,"Comedy,Drama,Romance",6.5,237789.0
tt0460740,movie,Cashback,Cashback,0,2006,\N,102,"Comedy,Drama,Romance",7.1,86712.0
tt0993840,movie,Army of the Dead,Army of the Dead,0,2021,\N,148,"Action,Crime,Horror",5.7,166426.0
tt1245112,movie,[Rec]²,[Rec]²,0,2009,\N,85,"Horror,Thriller",6.5,72400.0
tt0073650,movie,"Salò, or the 120 Days of Sodom",Salò o le 120 giornate di Sodoma,0,1975,\N,117,"Drama,Horror",5.8,59067.0
tt0427392,movie,The Invasion,The Invasion,0,2007,\N,99,"Sci-Fi,Thriller",5.9,78003.0
tt0095489,movie,The Land Before Time,The Land Before Time,0,1988,\N,69,"Adventure,Animation,Drama",7.4,87086.0
tt8633478,movie,Run,Run,0,2020,\N,90,"Mystery,Thriller",6.7,68387.0
tt0104952,movie,My Cousin Vinny,My Cousin Vinny,0,1992,\N,120,"Comedy,Crime",7.6,121316.0
tt0461770,movie,Enchanted,Enchanted,0,2007,\N,107,"Adventure,Animation,Comedy",7.1,194706.0
tt0426883,movie,Alpha Dog,Alpha Dog,0,2006,\N,122,"Biography,Crime,Drama",6.9,102769.0
tt0405296,movie,A Scanner Darkly,A Scanner Darkly,0,2006,\N,100,"Animation,Crime,Drama",7.0,110871.0
tt3892172,movie,Leave No Trace,Leave No Trace,0,2018,\N,109,"Adventure,Drama",7.1,57791.0
tt0452625,movie,Good Luck Chuck,Good Luck Chuck,0,2007,\N,101,"Comedy,Romance",5.6,89737.0
tt0443680,movie,The Assassination of Jesse James by the Coward Robert Ford,The Assassination of Jesse James by the Coward Robert Ford,0,2007,\N,160,"Biography,Crime,Drama",7.5,178549.0
tt0360201,movie,Wimbledon,Wimbledon,0,2004,\N,98,"Comedy,Romance,Sport",6.3,63951.0
tt0111742,movie,Wolf,Wolf,0,1994,\N,125,"Drama,Horror,Romance",6.2,56036.0
tt9784798,movie,Judas and the Black Messiah,Judas and the Black Messiah,0,2021,\N,126,"Biography,Drama,History",7.4,73111.0
tt0419706,movie,Doom,Doom,0,2005,\N,105,"Action,Horror,Sci-Fi",5.2,112647.0
tt0052618,movie,Ben-Hur,Ben-Hur,0,1959,\N,212,"Adventure,Drama,History",8.1,235170.0
tt0119223,movie,Great Expectations,Great Expectations,0,1998,\N,111,"Drama,Romance",6.8,53518.0
tt1131734,movie,Jennifer's Body,Jennifer's Body,0,2009,\N,102,"Comedy,Horror",5.4,131029.0
tt0878804,movie,The Blind Side,The Blind Side,0,2009,\N,129,"Biography,Drama,Sport",7.6,323218.0
tt0106697,movie,Demolition Man,Demolition Man,0,1993,\N,115,"Action,Sci-Fi,Thriller",6.7,172259.0
tt0086979,movie,Blood Simple,Blood Simple,0,1984,\N,99,"Crime,Drama,Thriller",7.6,95309.0
tt0268126,movie,Adaptation.,Adaptation.,0,2002,\N,115,"Comedy,Drama",7.7,189998.0
tt0090863,movie,The Color of Money,The Color of Money,0,1986,\N,119,"Drama,Sport",7.0,81817.0
tt1703199,movie,Grave Encounters,Grave Encounters,0,2011,\N,92,"Horror,Mystery",6.1,57100.0
tt0116629,movie,Independence Day,Independence Day,0,1996,\N,145,"Action,Adventure,Sci-Fi",7.0,562098.0
tt0097165,movie,Dead Poets Society,Dead Poets Society,0,1989,\N,128,"Comedy,Drama",8.1,470723.0
tt2119532,movie,Hacksaw Ridge,Hacksaw Ridge,0,2016,\N,139,"Biography,Drama,History",8.1,500146.0
tt3086442,movie,Goodnight Mommy,"Ich seh, Ich seh",0,2014,\N,99,"Horror,Mystery,Thriller",6.7,50803.0
tt0337563,movie,13 Going on 30,13 Going on 30,0,2004,\N,98,"Comedy,Fantasy,Romance",6.2,185873.0
tt0206275,movie,Save the Last Dance,Save the Last Dance,0,2001,\N,112,"Drama,Music,Romance",6.1,61368.0
tt1622547,movie,30 Minutes or Less,30 Minutes or Less,0,2011,\N,83,"Action,Comedy,Crime",6.1,99452.0
tt0466909,movie,The Omen,The Omen,0,2006,\N,110,"Drama,Fantasy,Horror",5.5,58912.0
tt0364569,movie,Oldboy,Oldeuboi,0,2003,\N,120,"Action,Drama,Mystery",8.4,560772.0
tt0259324,movie,Ghost Rider,Ghost Rider,0,2007,\N,110,"Action,Fantasy,Thriller",5.2,235405.0
tt0101862,movie,Father of the Bride,Father of the Bride,0,1991,\N,105,"Comedy,Family,Romance",6.5,74768.0
tt7657566,movie,Death on the Nile,Death on the Nile,0,2022,\N,127,"Crime,Drama,Mystery",6.3,93161.0
tt0112471,movie,Before Sunrise,Before Sunrise,0,1995,\N,101,"Drama,Romance",8.1,297937.0
tt0144120,movie,Bride of Chucky,Bride of Chucky,0,1998,\N,89,"Comedy,Horror,Thriller",5.5,57546.0
tt0165982,movie,Sinbad: Legend of the Seven Seas,Sinbad: Legend of the Seven Seas,0,2003,\N,88,"Adventure,Animation,Comedy",6.7,53683.0
tt2543164,movie,Arrival,Arrival,0,2016,\N,116,"Drama,Sci-Fi",7.9,667958.0
tt0107614,movie,Mrs. Doubtfire,Mrs. Doubtfire,0,1993,\N,125,"Comedy,Drama",7.0,263720.0
tt1509767,movie,The Three Musketeers,The Three Musketeers,0,2011,\N,110,"Action,Adventure,Fantasy",5.7,107319.0
tt6294822,movie,The Post,The Post,0,2017,\N,116,Drama,7.2,148247.0
tt4126476,movie,After,After,0,2019,\N,105,"Drama,Romance",5.2,51960.0
tt3469046,movie,Despicable Me 3,Despicable Me 3,0,2017,\N,89,"Adventure,Animation,Comedy",6.2,128873.0
tt0103786,movie,Beethoven,Beethoven,0,1992,\N,87,"Comedy,Drama,Family",5.7,70979.0
tt0032976,movie,Rebecca,Rebecca,0,1940,\N,130,"Drama,Film-Noir,Mystery",8.1,134892.0
tt0120903,movie,X-Men,X-Men,0,2000,\N,104,"Action,Adventure,Sci-Fi",7.4,603044.0
tt0054997,movie,The Hustler,The Hustler,0,1961,\N,134,"Drama,Sport",8.0,80981.0
tt0159365,movie,Cold Mountain,Cold Mountain,0,2003,\N,154,"Adventure,Drama,History",7.2,147325.0
tt0141926,movie,U-571,U-571,0,2000,\N,116,"Action,War",6.6,81945.0
tt0038650,movie,It's a Wonderful Life,It's a Wonderful Life,0,1946,\N,130,"Drama,Family,Fantasy",8.6,444037.0
tt0290334,movie,X2: X-Men United,X2,0,2003,\N,134,"Action,Sci-Fi,Thriller",7.4,539906.0
tt4912910,movie,Mission: Impossible - Fallout,Mission: Impossible - Fallout,0,2018,\N,147,"Action,Adventure,Thriller",7.7,320401.0
tt0114148,movie,Pocahontas,Pocahontas,0,1995,\N,81,"Adventure,Animation,Drama",6.7,183001.0
tt0118749,movie,Boogie Nights,Boogie Nights,0,1997,\N,155,Drama,7.9,259143.0
tt1832382,movie,A Separation,Jodaeiye Nader az Simin,0,2011,\N,123,Drama,8.3,240951.0
tt5220122,movie,Hotel Transylvania 3: Summer Vacation,Hotel Transylvania 3: Summer Vacation,0,2018,\N,97,"Adventure,Animation,Comedy",6.3,70993.0
tt7838252,movie,K.G.F: Chapter 1,K.G.F: Chapter 1,0,2018,\N,156,"Action,Crime,Drama",8.2,71190.0
tt1043726,movie,The Legend of Hercules,The Legend of Hercules,0,2014,\N,99,"Action,Adventure,Fantasy",4.2,54361.0
tt0061512,movie,Cool Hand Luke,Cool Hand Luke,0,1967,\N,127,"Crime,Drama",8.1,174306.0
tt0113824,movie,Whisper of the Heart,Mimi wo sumaseba,0,1995,\N,111,"Animation,Drama,Family",7.9,60420.0
tt1259521,movie,The Cabin in the Woods,The Cabin in the Woods,0,2011,\N,95,"Horror,Mystery,Thriller",7.0,406345.0
tt1454029,movie,The Help,The Help,0,2011,\N,146,Drama,8.1,449102.0
tt1032846,movie,"4 Months, 3 Weeks and 2 Days","4 luni, 3 saptamâni si 2 zile",0,2007,\N,113,Drama,7.9,59586.0
tt0496806,movie,Ocean's Thirteen,Ocean's Thirteen,0,2007,\N,122,"Crime,Thriller",6.9,340381.0
tt0160862,movie,She's All That,She's All That,0,1999,\N,95,"Comedy,Romance",5.9,94524.0
tt0266915,movie,Rush Hour 2,Rush Hour 2,0,2001,\N,90,"Action,Comedy,Crime",6.6,214805.0
tt1314655,movie,Devil,Devil,0,2010,\N,80,"Horror,Mystery,Thriller",6.3,143571.0
tt0102070,movie,Hudson Hawk,Hudson Hawk,0,1991,\N,100,"Action,Adventure,Comedy",5.7,56132.0
tt0955308,movie,Robin Hood,Robin Hood,0,2010,\N,140,"Action,Adventure,Drama",6.6,265698.0
tt0077928,movie,Midnight Express,Midnight Express,0,1978,\N,121,"Biography,Crime,Drama",7.5,78736.0
tt0120915,movie,Star Wars: Episode I - The Phantom Menace,Star Wars: Episode I - The Phantom Menace,0,1999,\N,136,"Action,Adventure,Fantasy",6.5,778998.0
tt5311514,movie,Your Name.,Kimi no na wa.,0,2016,\N,106,"Animation,Drama,Fantasy",8.4,248794.0
tt4430212,movie,Drishyam,Drishyam,0,2015,\N,163,"Crime,Drama,Mystery",8.2,79481.0
tt0113247,movie,La Haine,La haine,0,1995,\N,98,"Crime,Drama",8.1,167763.0
tt1091722,movie,Adventureland,Adventureland,0,2009,\N,107,"Comedy,Drama,Romance",6.8,159286.0
tt0068327,movie,Cabaret,Cabaret,0,1972,\N,124,"Drama,Music,Musical",7.7,53946.0
tt1286537,movie,"Food, Inc.","Food, Inc.",0,2008,\N,94,"Documentary,News",7.8,50999.0
tt6565702,movie,X-Men: Dark Phoenix,Dark Phoenix,0,2019,\N,113,"Action,Adventure,Sci-Fi",5.7,180107.0
tt1232829,movie,21 Jump Street,21 Jump Street,0,2012,\N,109,"Action,Comedy,Crime",7.2,545388.0
tt1659337,movie,The Perks of Being a Wallflower,The Perks of Being a Wallflower,0,2012,\N,103,"Drama,Romance",8.0,497285.0
tt1189073,movie,The Skin I Live In,La piel que habito,0,2011,\N,120,"Drama,Horror,Thriller",7.6,149884.0
tt0077405,movie,Days of Heaven,Days of Heaven,0,1978,\N,94,"Drama,Romance",7.8,57302.0
tt0250687,movie,Rat Race,Rat Race,0,2001,\N,112,"Action,Adventure,Comedy",6.4,114557.0
tt1099212,movie,Twilight,Twilight,0,2008,\N,122,"Drama,Fantasy,Romance",5.3,453632.0
tt0032455,movie,Fantasia,Fantasia,0,1940,\N,125,"Animation,Family,Fantasy",7.7,94539.0
tt0338095,movie,High Tension,Haute tension,0,2003,\N,91,Horror,6.7,71532.0
tt2283748,movie,OMG: Oh My God!,OMG: Oh My God!,0,2012,\N,125,"Comedy,Drama,Fantasy",8.1,57416.0
tt9686708,movie,The King of Staten Island,The King of Staten Island,0,2020,\N,136,"Comedy,Drama",7.1,61634.0
tt1588334,movie,"Jeff, Who Lives at Home","Jeff, Who Lives at Home",0,2011,\N,83,"Comedy,Drama",6.5,63676.0
tt0023969,movie,Duck Soup,Duck Soup,0,1933,\N,69,"Comedy,Musical",7.8,59661.0
tt0293662,movie,The Transporter,The Transporter,0,2002,\N,92,"Action,Crime,Thriller",6.8,299255.0
tt5095030,movie,Ant-Man and the Wasp,Ant-Man and the Wasp,0,2018,\N,118,"Action,Adventure,Comedy",7.0,376766.0
tt0100405,movie,Pretty Woman,Pretty Woman,0,1990,\N,119,"Comedy,Romance",7.1,315525.0
tt0449059,movie,Little Miss Sunshine,Little Miss Sunshine,0,2006,\N,101,"Comedy,Drama",7.8,469397.0
tt0114924,movie,While You Were Sleeping,While You Were Sleeping,0,1995,\N,103,"Comedy,Drama,Romance",6.7,100942.0
tt2567026,movie,Alice Through the Looking Glass,Alice Through the Looking Glass,0,2016,\N,113,"Adventure,Family,Fantasy",6.1,104990.0
tt0390022,movie,Friday Night Lights,Friday Night Lights,0,2004,\N,118,"Action,Drama,Sport",7.2,62601.0
tt0207201,movie,What Women Want,What Women Want,0,2000,\N,127,"Comedy,Fantasy,Romance",6.4,205182.0
tt2294629,movie,Frozen,Frozen,0,2013,\N,102,"Adventure,Animation,Comedy",7.4,610196.0
tt5688932,movie,Sorry to Bother You,Sorry to Bother You,0,2018,\N,112,"Comedy,Drama,Fantasy",6.9,75551.0
tt0120917,movie,The Emperor's New Groove,The Emperor's New Groove,0,2000,\N,78,"Adventure,Animation,Comedy",7.4,197676.0
tt0024216,movie,King Kong,King Kong,0,1933,\N,100,"Adventure,Horror,Sci-Fi",7.9,84387.0
tt0053285,movie,Sleeping Beauty,Sleeping Beauty,0,1959,\N,75,"Adventure,Animation,Family",7.2,145966.0
tt0082694,movie,The Road Warrior,Mad Max 2,0,1981,\N,96,"Action,Adventure,Sci-Fi",7.6,177274.0
tt0105265,movie,A River Runs Through It,A River Runs Through It,0,1992,\N,123,Drama,7.2,59056.0
tt6513120,movie,Fighting with My Family,Fighting with My Family,0,2019,\N,108,"Biography,Comedy,Drama",7.1,79314.0
tt1229238,movie,Mission: Impossible - Ghost Protocol,Mission: Impossible - Ghost Protocol,0,2011,\N,132,"Action,Adventure,Thriller",7.4,480073.0
tt0116996,movie,Mars Attacks!,Mars Attacks!,0,1996,\N,106,"Comedy,Sci-Fi",6.4,223980.0
tt0499448,movie,The Chronicles of Narnia: Prince Caspian,The Chronicles of Narnia: Prince Caspian,0,2008,\N,150,"Action,Adventure,Family",6.5,207150.0
tt0865556,movie,The Forbidden Kingdom,The Forbidden Kingdom,0,2008,\N,104,"Action,Adventure,Fantasy",6.5,105133.0
tt3731562,movie,Kong: Skull Island,Kong: Skull Island,0,2017,\N,118,"Action,Adventure,Fantasy",6.6,309896.0
tt1038988,movie,REC,[Rec],0,2007,\N,78,"Horror,Mystery,Thriller",7.4,176388.0
tt1412386,movie,The Best Exotic Marigold Hotel,The Best Exotic Marigold Hotel,0,2011,\N,124,"Comedy,Drama,Romance",7.2,94536.0
tt1767354,movie,Odd Thomas,Odd Thomas,0,2013,\N,100,"Comedy,Fantasy,Horror",6.8,52404.0
tt2312718,movie,Homefront,Homefront,0,2013,\N,100,"Action,Crime,Thriller",6.5,118578.0
tt1185416,movie,When in Rome,When in Rome,0,2010,\N,91,"Comedy,Romance",5.5,62092.0
tt0427327,movie,Hairspray,Hairspray,0,2007,\N,117,"Comedy,Drama,Musical",6.7,128128.0
tt2091935,movie,Mr. Right,Mr. Right,0,2015,\N,95,"Action,Comedy,Romance",6.3,55414.0
tt2034800,movie,The Great Wall,The Great Wall,0,2016,\N,103,"Action,Adventure,Fantasy",5.9,132407.0
tt2870648,movie,Amy,Amy,0,2015,\N,128,"Biography,Documentary,Music",7.8,51603.0
tt2304933,movie,The 5th Wave,The 5th Wave,0,2016,\N,112,"Action,Adventure,Sci-Fi",5.2,107430.0
tt0386032,movie,Sicko,Sicko,0,2007,\N,123,"Documentary,Drama",8.0,75294.0
tt1655420,movie,My Week with Marilyn,My Week with Marilyn,0,2011,\N,99,"Biography,Drama",6.9,86507.0
tt0172156,movie,Bad Boys II,Bad Boys II,0,2003,\N,147,"Action,Comedy,Crime",6.6,246615.0
tt1856101,movie,Blade Runner 2049,Blade Runner 2049,0,2017,\N,164,"Action,Drama,Mystery",8.0,538276.0
tt0316396,movie,Peter Pan,Peter Pan,0,2003,\N,113,"Adventure,Family,Fantasy",6.8,71957.0
tt7401588,movie,Instant Family,Instant Family,0,2018,\N,118,"Comedy,Drama",7.3,103909.0
tt1707386,movie,Les Misérables,Les Misérables,0,2012,\N,158,"Drama,Musical,Romance",7.5,325036.0
tt0286499,movie,Bend It Like Beckham,Bend It Like Beckham,0,2002,\N,112,"Comedy,Drama,Romance",6.7,109586.0
tt1972571,movie,A Most Wanted Man,A Most Wanted Man,0,2014,\N,122,"Crime,Drama,Thriller",6.8,75922.0
tt1598822,movie,New Year's Eve,New Year's Eve,0,2011,\N,118,"Comedy,Romance",5.6,85637.0
tt0375173,movie,Alfie,Alfie,0,2004,\N,103,"Comedy,Drama,Romance",6.2,52478.0
tt0382932,movie,Ratatouille,Ratatouille,0,2007,\N,111,"Adventure,Animation,Comedy",8.1,700790.0
tt0088128,movie,Sixteen Candles,Sixteen Candles,0,1984,\N,93,"Comedy,Romance",7.0,113991.0
tt0070328,movie,Live and Let Die,Live and Let Die,0,1973,\N,121,"Action,Adventure,Thriller",6.7,105615.0
tt0890870,movie,Saw IV,Saw IV,0,2007,\N,93,"Crime,Horror,Mystery",5.9,148741.0
tt0414852,movie,District B13,Banlieue 13,0,2004,\N,84,"Action,Crime,Sci-Fi",7.1,69672.0
tt1690953,movie,Despicable Me 2,Despicable Me 2,0,2013,\N,98,"Adventure,Animation,Comedy",7.3,390996.0
tt0120768,movie,The Negotiator,The Negotiator,0,1998,\N,140,"Action,Crime,Drama",7.3,140492.0
tt0242519,movie,Hera Pheri,Hera Pheri,0,2000,\N,156,"Action,Comedy,Crime",8.1,64968.0
tt0317740,movie,The Italian Job,The Italian Job,0,2003,\N,111,"Action,Crime,Thriller",7.0,361849.0
tt0033467,movie,Citizen Kane,Citizen Kane,0,1941,\N,119,"Drama,Mystery",8.3,433642.0
tt0168629,movie,Dancer in the Dark,Dancer in the Dark,0,2000,\N,140,"Crime,Drama,Musical",7.9,108451.0
tt0096754,movie,The Abyss,The Abyss,0,1989,\N,140,"Adventure,Drama,Mystery",7.5,174657.0
tt6998518,movie,Mandy,Mandy,0,2018,\N,121,"Action,Fantasy,Horror",6.5,75350.0
tt0247586,movie,Nine Queens,Nueve reinas,0,2000,\N,114,"Crime,Drama,Thriller",7.9,52405.0
tt1069238,movie,Departures,Okuribito,0,2008,\N,130,"Drama,Music",8.0,51594.0
tt1655441,movie,The Age of Adaline,The Age of Adaline,0,2015,\N,112,"Drama,Fantasy,Romance",7.2,171676.0
tt0048280,movie,Lady and the Tramp,Lady and the Tramp,0,1955,\N,76,"Adventure,Animation,Comedy",7.3,132780.0
tt0112722,movie,Copycat,Copycat,0,1995,\N,123,"Drama,Mystery,Thriller",6.6,58671.0
tt0146882,movie,High Fidelity,High Fidelity,0,2000,\N,113,"Comedy,Drama,Music",7.4,177945.0
tt1959490,movie,Noah,Noah,0,2014,\N,138,"Action,Adventure,Drama",5.8,252825.0
tt9421570,movie,The Guilty,The Guilty,0,2021,\N,90,"Crime,Drama,Thriller",6.3,112687.0
tt0093260,movie,Innerspace,Innerspace,0,1987,\N,120,"Action,Adventure,Comedy",6.8,59044.0
tt0250258,movie,The Experiment,Das Experiment,0,2001,\N,120,"Drama,Thriller",7.7,93392.0
tt0203119,movie,Sexy Beast,Sexy Beast,0,2000,\N,89,"Crime,Drama,Thriller",7.2,60338.0
tt0416508,movie,Becoming Jane,Becoming Jane,0,2007,\N,120,"Biography,Drama,Romance",7.0,61269.0
tt3758172,movie,Jungle,Jungle,0,2017,\N,115,"Action,Adventure,Biography",6.7,55502.0
tt0398286,movie,Tangled,Tangled,0,2010,\N,100,"Adventure,Animation,Comedy",7.7,439366.0
tt5848272,movie,Ralph Breaks the Internet,Ralph Breaks the Internet,0,2018,\N,112,"Adventure,Animation,Comedy",7.0,154126.0
tt0164184,movie,The Sum of All Fears,The Sum of All Fears,0,2002,\N,124,"Action,Drama,Thriller",6.4,114410.0
tt1386588,movie,The Other Guys,The Other Guys,0,2010,\N,107,"Action,Comedy,Crime",6.6,262601.0
tt1878870,movie,The Edge of Seventeen,The Edge of Seventeen,0,2016,\N,104,"Comedy,Drama",7.3,121690.0
tt1024648,movie,Argo,Argo,0,2012,\N,120,"Biography,Drama,Thriller",7.7,605010.0
tt1535108,movie,Elysium,Elysium,0,2013,\N,109,"Action,Drama,Sci-Fi",6.6,440493.0
tt0120791,movie,Practical Magic,Practical Magic,0,1998,\N,104,"Comedy,Drama,Fantasy",6.2,80320.0
tt0473075,movie,Prince of Persia: The Sands of Time,Prince of Persia: The Sands of Time,0,2010,\N,116,"Action,Adventure,Fantasy",6.6,285900.0
tt1392170,movie,The Hunger Games,The Hunger Games,0,2012,\N,142,"Action,Adventure,Sci-Fi",7.2,896931.0
tt1235522,movie,Broken City,Broken City,0,2013,\N,109,"Action,Crime,Drama",6.1,79753.0
tt3861390,movie,Dumbo,Dumbo,0,2019,\N,112,"Adventure,Family,Fantasy",6.3,73844.0
tt4425200,movie,John Wick: Chapter 2,John Wick: Chapter 2,0,2017,\N,122,"Action,Crime,Thriller",7.4,413725.0
tt3315342,movie,Logan,Logan,0,2017,\N,137,"Action,Drama,Sci-Fi",8.1,726431.0
tt0499549,movie,Avatar,Avatar,0,2009,\N,162,"Action,Adventure,Fantasy",7.8,1189863.0
tt1273235,movie,A Serbian Film,Srpski film,0,2010,\N,104,"Horror,Mystery,Thriller",5.0,62853.0
tt0848537,movie,Epic,Epic,0,2013,\N,102,"Action,Adventure,Animation",6.6,104450.0
tt0260866,movie,Don't Say a Word,Don't Say a Word,0,2001,\N,113,"Drama,Mystery,Thriller",6.3,52041.0
tt0080339,movie,Airplane!,Airplane!,0,1980,\N,88,Comedy,7.7,232816.0
tt0108525,movie,Wayne's World 2,Wayne's World 2,0,1993,\N,95,"Comedy,Music",6.2,81917.0
tt0421238,movie,The Proposition,The Proposition,0,2005,\N,104,"Crime,Drama,Western",7.3,52335.0
tt2400463,movie,The Invitation,The Invitation,0,2015,\N,100,"Drama,Horror,Mystery",6.6,105235.0
tt4003440,movie,The House That Jack Built,The House That Jack Built,0,2018,\N,152,"Crime,Drama,Horror",6.8,72313.0
tt0382992,movie,Stealth,Stealth,0,2005,\N,121,"Action,Adventure,Sci-Fi",5.0,53716.0
tt3450958,movie,War for the Planet of the Apes,War for the Planet of the Apes,0,2017,\N,140,"Action,Adventure,Drama",7.4,249327.0
tt0319262,movie,The Day After Tomorrow,The Day After Tomorrow,0,2004,\N,124,"Action,Adventure,Sci-Fi",6.4,440127.0
tt0467406,movie,Juno,Juno,0,2007,\N,96,"Comedy,Drama",7.5,513980.0
tt0112740,movie,Crimson Tide,Crimson Tide,0,1995,\N,116,"Action,Drama,Thriller",7.3,111035.0
tt2278871,movie,Blue Is the Warmest Colour,La vie d'Adèle,0,2013,\N,180,"Drama,Romance",7.7,149137.0
tt0070511,movie,Papillon,Papillon,0,1973,\N,151,"Biography,Crime,Drama",8.0,128954.0
tt0087298,movie,Friday the 13th: The Final Chapter,Friday the 13th: The Final Chapter,0,1984,\N,91,"Horror,Thriller",5.9,51001.0
tt0087985,movie,Red Dawn,Red Dawn,0,1984,\N,114,"Action,Drama,Thriller",6.3,56257.0
tt2267968,movie,Kung Fu Panda 3,Kung Fu Panda 3,0,2016,\N,95,"Action,Adventure,Animation",7.1,152279.0
tt6878306,movie,News of the World,News of the World,0,2020,\N,118,"Action,Adventure,Drama",6.8,83900.0
tt6673612,movie,Dolittle,Dolittle,0,2020,\N,101,"Adventure,Comedy,Family",5.6,62024.0
tt1937149,movie,The Body,El cuerpo,0,2012,\N,112,"Action,Crime,Drama",7.6,64414.0
tt2024469,movie,Non-Stop,Non-Stop,0,2014,\N,106,"Action,Mystery,Thriller",6.9,261606.0
tt0061852,movie,The Jungle Book,The Jungle Book,0,1967,\N,78,"Adventure,Animation,Comedy",7.6,178325.0
tt0212720,movie,A.I. Artificial Intelligence,A.I. Artificial Intelligence,0,2001,\N,146,"Drama,Sci-Fi",7.2,303823.0
tt0366627,movie,The Jacket,The Jacket,0,2005,\N,103,"Drama,Fantasy,Mystery",7.1,112612.0
tt1241317,movie,Death Note,Death Note,0,2017,\N,101,"Crime,Drama,Fantasy",4.5,83426.0
tt1126591,movie,Burlesque,Burlesque,0,2010,\N,119,"Drama,Music,Musical",6.4,84722.0
tt0292506,movie,The Recruit,The Recruit,0,2003,\N,115,"Action,Thriller",6.6,134992.0
tt1228987,movie,Let Me In,Let Me In,0,2010,\N,116,"Drama,Fantasy,Horror",7.1,120276.0
tt0971209,movie,A Perfect Getaway,A Perfect Getaway,0,2009,\N,98,"Drama,Mystery,Thriller",6.5,71739.0
tt0465551,movie,Notes on a Scandal,Notes on a Scandal,0,2006,\N,92,"Crime,Drama,Romance",7.4,78052.0
tt0250797,movie,Unfaithful,Unfaithful,0,2002,\N,124,"Drama,Romance,Thriller",6.7,88158.0
tt0765443,movie,Eastern Promises,Eastern Promises,0,2007,\N,100,"Crime,Drama,Thriller",7.6,239656.0
tt0452594,movie,The Break-Up,The Break-Up,0,2006,\N,106,"Comedy,Drama,Romance",5.8,131546.0
tt0079945,movie,Star Trek: The Motion Picture,Star Trek: The Motion Picture,0,1979,\N,132,"Adventure,Mystery,Sci-Fi",6.4,88606.0
tt0120685,movie,Godzilla,Godzilla,0,1998,\N,139,"Action,Sci-Fi,Thriller",5.4,191652.0
tt0111507,movie,Three Colors: White,Trois couleurs: Blanc,0,1994,\N,92,"Comedy,Drama,Romance",7.6,72047.0
tt0271027,movie,Kiss of the Dragon,Kiss of the Dragon,0,2001,\N,98,"Action,Crime,Thriller",6.6,63362.0
tt0089370,movie,The Jewel of the Nile,The Jewel of the Nile,0,1985,\N,106,"Action,Adventure,Comedy",6.1,56049.0
tt0498353,movie,Hostel: Part II,Hostel: Part II,0,2007,\N,94,Horror,5.5,89557.0
tt1397280,movie,Taken 2,Taken 2,0,2012,\N,92,"Action,Crime,Thriller",6.2,303325.0
tt0165798,movie,Ghost Dog: The Way of the Samurai,Ghost Dog: The Way of the Samurai,0,1999,\N,116,"Crime,Drama",7.5,90084.0
tt0443465,movie,Before We Go,Before We Go,0,2014,\N,95,"Comedy,Drama,Romance",6.8,57281.0
tt1661382,movie,Grudge Match,Grudge Match,0,2013,\N,113,"Comedy,Drama,Sport",6.4,60217.0
tt0091419,movie,Little Shop of Horrors,Little Shop of Horrors,0,1986,\N,94,"Comedy,Horror,Musical",7.1,74143.0
tt0388482,movie,Transporter 2,Transporter 2,0,2005,\N,87,"Action,Crime,Thriller",6.3,200871.0
tt0117705,movie,Space Jam,Space Jam,0,1996,\N,88,"Adventure,Animation,Comedy",6.5,194256.0
tt0408306,movie,Munich,Munich,0,2005,\N,164,"Action,Drama,History",7.5,224342.0
tt0449089,movie,RV,RV,0,2006,\N,99,"Adventure,Comedy,Family",5.5,59268.0
tt1001526,movie,Megamind,Megamind,0,2010,\N,95,"Action,Animation,Comedy",7.3,252268.0
tt0082096,movie,The Boat,Das Boot,0,1981,\N,149,"Drama,War",8.4,246712.0
tt0389722,movie,30 Days of Night,30 Days of Night,0,2007,\N,113,"Action,Horror,Thriller",6.6,174406.0
tt0115963,movie,The Craft,The Craft,0,1996,\N,101,"Drama,Fantasy,Horror",6.4,90269.0
tt0183505,movie,"Me, Myself & Irene","Me, Myself & Irene",0,2000,\N,116,Comedy,6.6,234658.0
tt0337741,movie,Something's Gotta Give,Something's Gotta Give,0,2003,\N,128,"Comedy,Drama,Romance",6.7,120337.0
tt4901306,movie,Perfect Strangers,Perfetti sconosciuti,0,2016,\N,96,"Comedy,Drama",7.7,63870.0
tt1726592,movie,Before I Go to Sleep,Before I Go to Sleep,0,2014,\N,92,"Drama,Mystery,Thriller",6.3,77924.0
tt0287467,movie,Talk to Her,Hable con ella,0,2002,\N,112,"Drama,Mystery,Romance",7.9,111274.0
tt5168192,movie,"I, Daniel Blake","I, Daniel Blake",0,2016,\N,100,Drama,7.8,59021.0
tt0120855,movie,Tarzan,Tarzan,0,1999,\N,88,"Adventure,Animation,Comedy",7.3,220391.0
tt10189514,movie,Soorarai Pottru,Soorarai Pottru,0,2020,\N,153,Drama,8.7,109884.0
tt1800302,movie,Gold,Gold,0,2016,\N,120,"Crime,Drama",6.7,63009.0
tt0165929,movie,Romeo Must Die,Romeo Must Die,0,2000,\N,115,"Action,Crime,Thriller",6.1,70014.0
tt1186830,movie,Agora,Agora,0,2009,\N,127,"Adventure,Biography,Drama",7.1,69282.0
tt0423294,movie,Surf's Up,Surf's Up,0,2007,\N,85,"Adventure,Animation,Comedy",6.7,77624.0
tt1839492,movie,Ruby Sparks,Ruby Sparks,0,2012,\N,104,"Comedy,Drama,Fantasy",7.2,100144.0
tt0100507,movie,Rocky V,Rocky V,0,1990,\N,104,"Drama,Sport",5.3,135301.0
tt0010323,movie,The Cabinet of Dr. Caligari,Das Cabinet des Dr. Caligari,0,1920,\N,76,"Horror,Mystery,Thriller",8.0,62460.0
tt1034032,movie,Gamer,Gamer,0,2009,\N,95,"Action,Sci-Fi,Thriller",5.7,134111.0
tt4550098,movie,Nocturnal Animals,Nocturnal Animals,0,2016,\N,116,"Drama,Thriller",7.5,269276.0
tt2719848,movie,Everest,Everest,0,2015,\N,121,"Action,Adventure,Biography",7.1,214525.0
tt0117571,movie,Scream,Scream,0,1996,\N,111,"Horror,Mystery",7.3,330962.0
tt0093773,movie,Predator,Predator,0,1987,\N,107,"Action,Adventure,Horror",7.8,399245.0
tt5074352,movie,Dangal,Dangal,0,2016,\N,161,"Action,Biography,Drama",8.3,182021.0
tt0112697,movie,Clueless,Clueless,0,1995,\N,97,"Comedy,Romance",6.9,208043.0
tt0118972,movie,The Devil's Own,The Devil's Own,0,1997,\N,111,"Action,Crime,Drama",6.2,64585.0
tt0112851,movie,Desperado,Desperado,0,1995,\N,104,"Action,Crime,Thriller",7.1,183554.0
tt0060827,movie,Persona,Persona,0,1966,\N,85,"Drama,Thriller",8.1,115329.0
tt8368406,movie,Vivarium,Vivarium,0,2019,\N,97,"Horror,Mystery,Sci-Fi",5.8,54537.0
tt0056801,movie,8½,8½,0,1963,\N,138,Drama,8.0,116288.0
tt0102057,movie,Hook,Hook,0,1991,\N,142,"Adventure,Comedy,Family",6.8,249870.0
tt0120912,movie,Men in Black II,Men in Black II,0,2002,\N,88,"Action,Adventure,Comedy",6.1,366663.0
tt1436562,movie,Rio,Rio,0,2011,\N,96,"Adventure,Animation,Comedy",6.9,222645.0
tt0243155,movie,Bridget Jones's Diary,Bridget Jones's Diary,0,2001,\N,97,"Comedy,Drama,Romance",6.7,240250.0
tt2737304,movie,Bird Box,Bird Box,0,2018,\N,124,"Horror,Sci-Fi",6.6,324300.0
tt1623288,movie,ParaNorman,ParaNorman,0,2012,\N,92,"Adventure,Animation,Comedy",7.0,100894.0
tt0113409,movie,In the Mouth of Madness,In the Mouth of Madness,0,1994,\N,95,"Drama,Fantasy,Horror",7.1,67947.0
tt1568921,movie,The Secret World of Arrietty,Kari-gurashi no Arietti,0,2010,\N,94,"Adventure,Animation,Drama",7.6,90135.0
tt5580036,movie,"I, Tonya","I, Tonya",0,2017,\N,119,"Biography,Comedy,Drama",7.5,208360.0
tt2024544,movie,12 Years a Slave,12 Years a Slave,0,2013,\N,134,"Biography,Drama,History",8.1,684799.0
tt0107362,movie,Last Action Hero,Last Action Hero,0,1993,\N,130,"Action,Adventure,Comedy",6.4,149201.0
tt0230030,movie,Bedazzled,Bedazzled,0,2000,\N,93,"Comedy,Fantasy",6.1,102683.0
tt0311113,movie,Master and Commander: The Far Side of the World,Master and Commander: The Far Side of the World,0,2003,\N,138,"Action,Adventure,Drama",7.4,217340.0
tt0091042,movie,Ferris Bueller's Day Off,Ferris Bueller's Day Off,0,1986,\N,103,Comedy,7.8,347510.0
tt3263904,movie,Sully,Sully,0,2016,\N,96,"Biography,Drama",7.4,264184.0
tt6217306,movie,Apostle,Apostle,0,2018,\N,130,"Drama,Fantasy,Horror",6.3,51036.0
tt0116040,movie,Daylight,Daylight,0,1996,\N,114,"Action,Adventure,Drama",5.9,72375.0
tt1355630,movie,If I Stay,If I Stay,0,2014,\N,107,"Drama,Fantasy,Music",6.7,121843.0
tt0401383,movie,The Diving Bell and the Butterfly,Le scaphandre et le papillon,0,2007,\N,112,"Biography,Drama",8.0,107057.0
tt1219827,movie,Ghost in the Shell,Ghost in the Shell,0,2017,\N,107,"Action,Crime,Drama",6.3,211520.0
tt0139809,movie,The Thirteenth Floor,The Thirteenth Floor,0,1999,\N,100,"Mystery,Sci-Fi,Thriller",7.0,71296.0
tt3799694,movie,The Nice Guys,The Nice Guys,0,2016,\N,116,"Action,Comedy,Crime",7.3,312666.0
tt4651520,movie,Bad Moms,Bad Moms,0,2016,\N,100,Comedy,6.2,122981.0
tt0374536,movie,Bewitched,Bewitched,0,2005,\N,102,"Comedy,Fantasy,Romance",4.8,71939.0
tt8936646,movie,Extraction,Extraction,0,2020,\N,116,"Action,Thriller",6.7,191659.0
tt0765010,movie,Brothers,Brothers,0,2009,\N,105,"Drama,Thriller,War",7.1,123413.0
